time,temperature_2m (Â°C),relative_humidity_2m (%)
2025-01-01T00:00,22.6,79
2025-01-01T01:00,24,78
2025-01-01T02:00,25,74
2025-01-01T03:00,26.1,71
2025-01-01T04:00,26.8,71
2025-01-01T05:00,27.2,71
2025-01-01T06:00,28,70
2025-01-01T07:00,27.9,71
2025-01-01T08:00,28.5,70
2025-01-01T09:00,28.4,71
2025-01-01T10:00,27.6,75
2025-01-01T11:00,26.4,81
2025-01-01T12:00,25.8,84
2025-01-01T13:00,26.3,82
2025-01-01T14:00,25.9,81
2025-01-01T15:00,25.6,80
2025-01-01T16:00,25.2,81
2025-01-01T17:00,24.7,83
2025-01-01T18:00,24.1,85
2025-01-01T19:00,23.5,86
2025-01-01T20:00,23.1,83
2025-01-01T21:00,22.8,84
2025-01-01T22:00,22.6,84
2025-01-01T23:00,22.4,85
2025-01-02T00:00,22.4,85
2025-01-02T01:00,24.2,84
2025-01-02T02:00,25.4,80
2025-01-02T03:00,26.6,76
2025-01-02T04:00,27.9,73
2025-01-02T05:00,29.4,67
2025-01-02T06:00,30.3,64
2025-01-02T07:00,30.6,64
2025-01-02T08:00,30.5,65
2025-01-02T09:00,29.2,68
2025-01-02T10:00,28.5,72
2025-01-02T11:00,26.9,84
2025-01-02T12:00,25.5,92
2025-01-02T13:00,25.8,94
2025-01-02T14:00,25.6,96
2025-01-02T15:00,25.3,99
2025-01-02T16:00,25.4,97
2025-01-02T17:00,25.4,93
2025-01-02T18:00,25.6,85
2025-01-02T19:00,25.2,81
2025-01-02T20:00,24.6,81
2025-01-02T21:00,23.8,83
2025-01-02T22:00,23.4,83
2025-01-02T23:00,23.4,81
2025-01-03T00:00,23.8,82
2025-01-03T01:00,24.7,81
2025-01-03T02:00,26.5,78
2025-01-03T03:00,28.1,73
2025-01-03T04:00,29.2,70
2025-01-03T05:00,30,66
2025-01-03T06:00,30.3,63
2025-01-03T07:00,30.5,60
2025-01-03T08:00,30.5,59
2025-01-03T09:00,29.1,67
2025-01-03T10:00,27.9,80
2025-01-03T11:00,26.5,89
2025-01-03T12:00,25.7,90
2025-01-03T13:00,26.3,90
2025-01-03T14:00,26,91
2025-01-03T15:00,25.7,86
2025-01-03T16:00,25,86
2025-01-03T17:00,24.4,94
2025-01-03T18:00,24.1,94
2025-01-03T19:00,23.7,89
2025-01-03T20:00,23.5,85
2025-01-03T21:00,23.1,82
2025-01-03T22:00,22.6,79
2025-01-03T23:00,22.3,79
2025-01-04T00:00,22.6,77
2025-01-04T01:00,24.9,67
2025-01-04T02:00,26.6,62
2025-01-04T03:00,28,60
2025-01-04T04:00,29.3,59
2025-01-04T05:00,30.5,56
2025-01-04T06:00,31.4,52
2025-01-04T07:00,31.7,50
2025-01-04T08:00,31.4,51
2025-01-04T09:00,31.3,51
2025-01-04T10:00,30.7,52
2025-01-04T11:00,29.4,67
2025-01-04T12:00,28.9,64
2025-01-04T13:00,27.1,79
2025-01-04T14:00,25.9,88
2025-01-04T15:00,25.5,89
2025-01-04T16:00,25.2,90
2025-01-04T17:00,24.9,93
2025-01-04T18:00,24.6,93
2025-01-04T19:00,24.1,96
2025-01-04T20:00,23.8,97
2025-01-04T21:00,23.1,98
2025-01-04T22:00,22.8,83
2025-01-04T23:00,22.6,75
2025-01-05T00:00,22.9,73
2025-01-05T01:00,24.3,71
2025-01-05T02:00,26.3,68
2025-01-05T03:00,28,65
2025-01-05T04:00,29.2,59
2025-01-05T05:00,30.5,51
2025-01-05T06:00,31.6,45
2025-01-05T07:00,32.4,41
2025-01-05T08:00,33.1,38
2025-01-05T09:00,32.8,39
2025-01-05T10:00,31.8,43
2025-01-05T11:00,30.3,52
2025-01-05T12:00,27.1,77
2025-01-05T13:00,26.4,80
2025-01-05T14:00,25.8,85
2025-01-05T15:00,25.4,87
2025-01-05T16:00,25,88
2025-01-05T17:00,24.7,88
2025-01-05T18:00,24.2,91
2025-01-05T19:00,23.6,94
2025-01-05T20:00,23,97
2025-01-05T21:00,22.6,99
2025-01-05T22:00,22.1,99
2025-01-05T23:00,21.8,93
2025-01-06T00:00,22.2,86
2025-01-06T01:00,24.6,73
2025-01-06T02:00,26,72
2025-01-06T03:00,27.8,64
2025-01-06T04:00,29.3,56
2025-01-06T05:00,30.8,50
2025-01-06T06:00,31.5,46
2025-01-06T07:00,32.3,42
2025-01-06T08:00,32.4,40
2025-01-06T09:00,32,39
2025-01-06T10:00,31.1,42
2025-01-06T11:00,29.3,50
2025-01-06T12:00,28.6,54
2025-01-06T13:00,28.9,51
2025-01-06T14:00,27.6,59
2025-01-06T15:00,26.1,73
2025-01-06T16:00,25.3,85
2025-01-06T17:00,24.8,87
2025-01-06T18:00,24.4,89
2025-01-06T19:00,23.9,91
2025-01-06T20:00,23.3,94
2025-01-06T21:00,22.8,96
2025-01-06T22:00,22.2,99
2025-01-06T23:00,21.5,100
2025-01-07T00:00,21.7,95
2025-01-07T01:00,24.2,78
2025-01-07T02:00,26.6,69
2025-01-07T03:00,28.7,62
2025-01-07T04:00,30.6,52
2025-01-07T05:00,31.8,46
2025-01-07T06:00,32.5,42
2025-01-07T07:00,32.5,42
2025-01-07T08:00,32.4,42
2025-01-07T09:00,31.9,42
2025-01-07T10:00,30.1,54
2025-01-07T11:00,28.3,64
2025-01-07T12:00,27.6,69
2025-01-07T13:00,27,75
2025-01-07T14:00,26.4,77
2025-01-07T15:00,25.8,80
2025-01-07T16:00,25.2,83
2025-01-07T17:00,24.9,84
2025-01-07T18:00,24.7,84
2025-01-07T19:00,24.3,86
2025-01-07T20:00,23.9,89
2025-01-07T21:00,23.3,93
2025-01-07T22:00,22.9,95
2025-01-07T23:00,22.5,97
2025-01-08T00:00,22.9,95
2025-01-08T01:00,25.2,83
2025-01-08T02:00,27.3,71
2025-01-08T03:00,29.1,60
2025-01-08T04:00,30.7,52
2025-01-08T05:00,32,45
2025-01-08T06:00,32.7,42
2025-01-08T07:00,33.1,39
2025-01-08T08:00,33,38
2025-01-08T09:00,32.5,39
2025-01-08T10:00,31.8,42
2025-01-08T11:00,29.6,49
2025-01-08T12:00,27.3,70
2025-01-08T13:00,26.5,73
2025-01-08T14:00,25.8,73
2025-01-08T15:00,25.3,75
2025-01-08T16:00,25,76
2025-01-08T17:00,24.8,76
2025-01-08T18:00,24.4,77
2025-01-08T19:00,24,79
2025-01-08T20:00,23.6,81
2025-01-08T21:00,23,83
2025-01-08T22:00,22.5,85
2025-01-08T23:00,22.1,88
2025-01-09T00:00,22.3,85
2025-01-09T01:00,24.8,74
2025-01-09T02:00,26.9,61
2025-01-09T03:00,28.7,54
2025-01-09T04:00,30,51
2025-01-09T05:00,31.1,47
2025-01-09T06:00,31.9,44
2025-01-09T07:00,32.3,43
2025-01-09T08:00,32.6,42
2025-01-09T09:00,32,42
2025-01-09T10:00,31.3,43
2025-01-09T11:00,30.3,45
2025-01-09T12:00,28.5,57
2025-01-09T13:00,28.2,62
2025-01-09T14:00,26.4,77
2025-01-09T15:00,25.8,80
2025-01-09T16:00,25.4,83
2025-01-09T17:00,25.1,84
2025-01-09T18:00,24.8,84
2025-01-09T19:00,24.5,85
2025-01-09T20:00,24.1,85
2025-01-09T21:00,23.9,75
2025-01-09T22:00,23.8,67
2025-01-09T23:00,23.8,64
2025-01-10T00:00,24,62
2025-01-10T01:00,25.7,63
2025-01-10T02:00,27.2,59
2025-01-10T03:00,29.3,56
2025-01-10T04:00,30.8,51
2025-01-10T05:00,32.3,46
2025-01-10T06:00,33,44
2025-01-10T07:00,33.6,42
2025-01-10T08:00,33.4,41
2025-01-10T09:00,33.1,38
2025-01-10T10:00,33.1,36
2025-01-10T11:00,31.1,40
2025-01-10T12:00,29.5,46
2025-01-10T13:00,28.3,55
2025-01-10T14:00,27.4,60
2025-01-10T15:00,26.4,50
2025-01-10T16:00,25.1,52
2025-01-10T17:00,24.6,52
2025-01-10T18:00,24,54
2025-01-10T19:00,23.6,55
2025-01-10T20:00,23.3,57
2025-01-10T21:00,22.9,60
2025-01-10T22:00,22.6,62
2025-01-10T23:00,22.3,64
2025-01-11T00:00,22.6,63
2025-01-11T01:00,24.5,60
2025-01-11T02:00,26.6,54
2025-01-11T03:00,28.3,49
2025-01-11T04:00,29.7,46
2025-01-11T05:00,31,43
2025-01-11T06:00,32.1,38
2025-01-11T07:00,32.4,38
2025-01-11T08:00,32.9,36
2025-01-11T09:00,32.9,36
2025-01-11T10:00,31.5,40
2025-01-11T11:00,30.3,42
2025-01-11T12:00,28.5,46
2025-01-11T13:00,27.6,59
2025-01-11T14:00,26.8,50
2025-01-11T15:00,25.2,54
2025-01-11T16:00,24.5,55
2025-01-11T17:00,23.9,57
2025-01-11T18:00,23.3,58
2025-01-11T19:00,22.8,59
2025-01-11T20:00,22.4,61
2025-01-11T21:00,22.1,61
2025-01-11T22:00,21.8,62
2025-01-11T23:00,21.3,64
2025-01-12T00:00,21.6,62
2025-01-12T01:00,23.5,58
2025-01-12T02:00,25.4,52
2025-01-12T03:00,27.3,48
2025-01-12T04:00,28.9,44
2025-01-12T05:00,30.2,42
2025-01-12T06:00,31.1,41
2025-01-12T07:00,31.7,39
2025-01-12T08:00,31.7,37
2025-01-12T09:00,31.6,37
2025-01-12T10:00,30.8,38
2025-01-12T11:00,30,39
2025-01-12T12:00,28.6,43
2025-01-12T13:00,26.4,65
2025-01-12T14:00,25.7,67
2025-01-12T15:00,25.2,66
2025-01-12T16:00,24.4,52
2025-01-12T17:00,23.1,54
2025-01-12T18:00,22.2,56
2025-01-12T19:00,21.3,59
2025-01-12T20:00,20.6,61
2025-01-12T21:00,20.1,63
2025-01-12T22:00,19.8,64
2025-01-12T23:00,19.5,65
2025-01-13T00:00,19.6,64
2025-01-13T01:00,21.6,58
2025-01-13T02:00,23.9,51
2025-01-13T03:00,26.2,45
2025-01-13T04:00,28.1,42
2025-01-13T05:00,29.4,41
2025-01-13T06:00,30.4,40
2025-01-13T07:00,30.9,40
2025-01-13T08:00,30.9,41
2025-01-13T09:00,30.2,43
2025-01-13T10:00,29.5,46
2025-01-13T11:00,28.5,49
2025-01-13T12:00,27.9,51
2025-01-13T13:00,27.4,54
2025-01-13T14:00,27.1,56
2025-01-13T15:00,26.2,60
2025-01-13T16:00,25.4,65
2025-01-13T17:00,24.9,68
2025-01-13T18:00,24.3,70
2025-01-13T19:00,23.7,72
2025-01-13T20:00,23.3,74
2025-01-13T21:00,23,76
2025-01-13T22:00,22.5,78
2025-01-13T23:00,21.9,80
2025-01-14T00:00,22,78
2025-01-14T01:00,23.8,70
2025-01-14T02:00,26.1,60
2025-01-14T03:00,28.5,52
2025-01-14T04:00,30.5,46
2025-01-14T05:00,31.9,43
2025-01-14T06:00,33.1,41
2025-01-14T07:00,34,41
2025-01-14T08:00,33.1,44
2025-01-14T09:00,31.4,49
2025-01-14T10:00,26,88
2025-01-14T11:00,25.9,89
2025-01-14T12:00,25.3,91
2025-01-14T13:00,24.9,91
2025-01-14T14:00,24.2,91
2025-01-14T15:00,24.2,92
2025-01-14T16:00,24.3,92
2025-01-14T17:00,24.3,92
2025-01-14T18:00,24.3,92
2025-01-14T19:00,24.2,93
2025-01-14T20:00,23.9,94
2025-01-14T21:00,23.7,94
2025-01-14T22:00,23.5,94
2025-01-14T23:00,23.2,93
2025-01-15T00:00,23.4,92
2025-01-15T01:00,25.1,88
2025-01-15T02:00,26.8,79
2025-01-15T03:00,28.4,72
2025-01-15T04:00,29.2,69
2025-01-15T05:00,30,66
2025-01-15T06:00,30.3,65
2025-01-15T07:00,30.9,64
2025-01-15T08:00,31,63
2025-01-15T09:00,26.6,85
2025-01-15T10:00,26.9,82
2025-01-15T11:00,26.5,85
2025-01-15T12:00,25.8,92
2025-01-15T13:00,27.2,87
2025-01-15T14:00,26.8,91
2025-01-15T15:00,26.4,93
2025-01-15T16:00,26,95
2025-01-15T17:00,25.4,96
2025-01-15T18:00,25.1,96
2025-01-15T19:00,24.7,94
2025-01-15T20:00,24.3,92
2025-01-15T21:00,24,92
2025-01-15T22:00,23.6,92
2025-01-15T23:00,23.3,91
2025-01-16T00:00,23.4,91
2025-01-16T01:00,25.5,85
2025-01-16T02:00,27.2,71
2025-01-16T03:00,28.3,65
2025-01-16T04:00,29.5,62
2025-01-16T05:00,30.2,59
2025-01-16T06:00,30.5,57
2025-01-16T07:00,30.8,56
2025-01-16T08:00,31.2,55
2025-01-16T09:00,30.8,54
2025-01-16T10:00,29.6,57
2025-01-16T11:00,27.9,60
2025-01-16T12:00,26.8,64
2025-01-16T13:00,26.3,84
2025-01-16T14:00,25.4,69
2025-01-16T15:00,24.1,70
2025-01-16T16:00,23.5,72
2025-01-16T17:00,22.9,72
2025-01-16T18:00,22.4,73
2025-01-16T19:00,21.9,73
2025-01-16T20:00,21.6,73
2025-01-16T21:00,21.3,74
2025-01-16T22:00,21,76
2025-01-16T23:00,20.7,78
2025-01-17T00:00,21,77
2025-01-17T01:00,23.2,72
2025-01-17T02:00,24.9,67
2025-01-17T03:00,26.4,62
2025-01-17T04:00,28,58
2025-01-17T05:00,29.1,55
2025-01-17T06:00,29.9,53
2025-01-17T07:00,30.3,52
2025-01-17T08:00,30.2,52
2025-01-17T09:00,30.1,53
2025-01-17T10:00,29.6,57
2025-01-17T11:00,27.5,64
2025-01-17T12:00,25.5,77
2025-01-17T13:00,25.4,79
2025-01-17T14:00,24.8,80
2025-01-17T15:00,24.2,82
2025-01-17T16:00,23.9,84
2025-01-17T17:00,23.3,86
2025-01-17T18:00,22.8,91
2025-01-17T19:00,22.4,92
2025-01-17T20:00,21.9,90
2025-01-17T21:00,21.3,85
2025-01-17T22:00,20.8,81
2025-01-17T23:00,20.3,81
2025-01-18T00:00,20.6,80
2025-01-18T01:00,22.6,73
2025-01-18T02:00,24.5,67
2025-01-18T03:00,26.3,63
2025-01-18T04:00,27.9,61
2025-01-18T05:00,29.1,59
2025-01-18T06:00,30.4,54
2025-01-18T07:00,30.9,51
2025-01-18T08:00,30.5,51
2025-01-18T09:00,30.1,53
2025-01-18T10:00,29.4,57
2025-01-18T11:00,27.9,66
2025-01-18T12:00,26.7,74
2025-01-18T13:00,26.7,78
2025-01-18T14:00,26.3,79
2025-01-18T15:00,25.4,82
2025-01-18T16:00,24.6,84
2025-01-18T17:00,24,88
2025-01-18T18:00,23.5,90
2025-01-18T19:00,23.2,92
2025-01-18T20:00,22.7,94
2025-01-18T21:00,22.3,96
2025-01-18T22:00,21.9,98
2025-01-18T23:00,21.6,98
2025-01-19T00:00,22,97
2025-01-19T01:00,24.4,88
2025-01-19T02:00,26.5,76
2025-01-19T03:00,28.2,68
2025-01-19T04:00,28.8,65
2025-01-19T05:00,29.5,61
2025-01-19T06:00,30.8,56
2025-01-19T07:00,31,54
2025-01-19T08:00,31.8,51
2025-01-19T09:00,31.6,50
2025-01-19T10:00,30.9,51
2025-01-19T11:00,28.7,63
2025-01-19T12:00,27.8,68
2025-01-19T13:00,27,76
2025-01-19T14:00,25.9,84
2025-01-19T15:00,24.9,87
2025-01-19T16:00,24.3,89
2025-01-19T17:00,23.9,89
2025-01-19T18:00,23.6,90
2025-01-19T19:00,23.2,91
2025-01-19T20:00,22.8,92
2025-01-19T21:00,22.4,94
2025-01-19T22:00,22,96
2025-01-19T23:00,21.7,97
2025-01-20T00:00,22.1,96
2025-01-20T01:00,24.2,85
2025-01-20T02:00,26,75
2025-01-20T03:00,28.2,63
2025-01-20T04:00,29.8,55
2025-01-20T05:00,30.9,49
2025-01-20T06:00,31.4,45
2025-01-20T07:00,31.7,43
2025-01-20T08:00,31.2,46
2025-01-20T09:00,31,46
2025-01-20T10:00,30.8,47
2025-01-20T11:00,29.4,53
2025-01-20T12:00,26.1,67
2025-01-20T13:00,25.9,72
2025-01-20T14:00,24.8,76
2025-01-20T15:00,24.2,80
2025-01-20T16:00,23.9,81
2025-01-20T17:00,23.5,82
2025-01-20T18:00,23.1,83
2025-01-20T19:00,22.6,88
2025-01-20T20:00,22.1,89
2025-01-20T21:00,21.7,93
2025-01-20T22:00,21.5,94
2025-01-20T23:00,21,95
2025-01-21T00:00,21.6,92
2025-01-21T01:00,23.9,79
2025-01-21T02:00,26.3,67
2025-01-21T03:00,28.7,54
2025-01-21T04:00,30.2,46
2025-01-21T05:00,31.3,43
2025-01-21T06:00,32.3,40
2025-01-21T07:00,32.8,36
2025-01-21T08:00,32.6,36
2025-01-21T09:00,31.9,39
2025-01-21T10:00,31.1,40
2025-01-21T11:00,30,43
2025-01-21T12:00,28,52
2025-01-21T13:00,25.6,70
2025-01-21T14:00,24.9,74
2025-01-21T15:00,24,77
2025-01-21T16:00,23.6,80
2025-01-21T17:00,23.2,81
2025-01-21T18:00,22.6,84
2025-01-21T19:00,22.3,85
2025-01-21T20:00,21.9,87
2025-01-21T21:00,21.6,89
2025-01-21T22:00,21.5,89
2025-01-21T23:00,21.2,91
2025-01-22T00:00,21.8,87
2025-01-22T01:00,24,77
2025-01-22T02:00,26.3,64
2025-01-22T03:00,28.6,53
2025-01-22T04:00,30.3,45
2025-01-22T05:00,31.9,40
2025-01-22T06:00,32.9,36
2025-01-22T07:00,33.1,36
2025-01-22T08:00,33.4,36
2025-01-22T09:00,34,35
2025-01-22T10:00,28.7,56
2025-01-22T11:00,27.1,60
2025-01-22T12:00,26.9,60
2025-01-22T13:00,26.6,66
2025-01-22T14:00,25.9,69
2025-01-22T15:00,25.3,72
2025-01-22T16:00,24.9,74
2025-01-22T17:00,24.4,77
2025-01-22T18:00,23.9,79
2025-01-22T19:00,23.6,80
2025-01-22T20:00,23.3,82
2025-01-22T21:00,23.1,85
2025-01-22T22:00,22.9,89
2025-01-22T23:00,22.7,87
2025-01-23T00:00,22.9,86
2025-01-23T01:00,24.9,83
2025-01-23T02:00,27.7,69
2025-01-23T03:00,30,56
2025-01-23T04:00,31.5,48
2025-01-23T05:00,33.6,40
2025-01-23T06:00,34.2,36
2025-01-23T07:00,33.5,39
2025-01-23T08:00,33,42
2025-01-23T09:00,32.9,41
2025-01-23T10:00,32.2,43
2025-01-23T11:00,29.9,56
2025-01-23T12:00,28.5,60
2025-01-23T13:00,27.4,69
2025-01-23T14:00,26.7,73
2025-01-23T15:00,25.8,77
2025-01-23T16:00,25.1,79
2025-01-23T17:00,24.8,81
2025-01-23T18:00,24.6,82
2025-01-23T19:00,24.3,83
2025-01-23T20:00,24.1,83
2025-01-23T21:00,23.7,85
2025-01-23T22:00,23.3,87
2025-01-23T23:00,23,89
2025-01-24T00:00,23.4,87
2025-01-24T01:00,25.9,75
2025-01-24T02:00,28.4,64
2025-01-24T03:00,30.9,53
2025-01-24T04:00,32.7,45
2025-01-24T05:00,34.1,40
2025-01-24T06:00,34.7,38
2025-01-24T07:00,34.8,38
2025-01-24T08:00,33.7,44
2025-01-24T09:00,32.3,50
2025-01-24T10:00,30.3,58
2025-01-24T11:00,28.8,59
2025-01-24T12:00,27.6,65
2025-01-24T13:00,26.2,73
2025-01-24T14:00,25.4,76
2025-01-24T15:00,24.9,80
2025-01-24T16:00,24.6,81
2025-01-24T17:00,24.4,82
2025-01-24T18:00,24.1,83
2025-01-24T19:00,24,83
2025-01-24T20:00,23.9,82
2025-01-24T21:00,23.7,83
2025-01-24T22:00,23.6,84
2025-01-24T23:00,23.6,84
2025-01-25T00:00,23.9,82
2025-01-25T01:00,25.8,71
2025-01-25T02:00,27.9,62
2025-01-25T03:00,29.9,54
2025-01-25T04:00,31.7,47
2025-01-25T05:00,33.3,42
2025-01-25T06:00,34.3,37
2025-01-25T07:00,34.1,39
2025-01-25T08:00,33.2,43
2025-01-25T09:00,32.8,44
2025-01-25T10:00,30.3,56
2025-01-25T11:00,28.4,63
2025-01-25T12:00,27.2,68
2025-01-25T13:00,27,71
2025-01-25T14:00,26.3,73
2025-01-25T15:00,25.8,76
2025-01-25T16:00,25.5,77
2025-01-25T17:00,25.2,77
2025-01-25T18:00,24.9,79
2025-01-25T19:00,24.7,78
2025-01-25T20:00,24.5,78
2025-01-25T21:00,24.3,79
2025-01-25T22:00,24,81
2025-01-25T23:00,23.7,83
2025-01-26T00:00,24.1,80
2025-01-26T01:00,26,71
2025-01-26T02:00,27.9,63
2025-01-26T03:00,29.7,58
2025-01-26T04:00,31.5,51
2025-01-26T05:00,32.7,45
2025-01-26T06:00,33.6,41
2025-01-26T07:00,33.9,39
2025-01-26T08:00,33.8,39
2025-01-26T09:00,33.6,39
2025-01-26T10:00,33.2,39
2025-01-26T11:00,29,61
2025-01-26T12:00,27.1,67
2025-01-26T13:00,26.4,73
2025-01-26T14:00,25.5,77
2025-01-26T15:00,25.1,80
2025-01-26T16:00,24.9,81
2025-01-26T17:00,24.8,82
2025-01-26T18:00,24.5,84
2025-01-26T19:00,24,82
2025-01-26T20:00,23.5,72
2025-01-26T21:00,22.7,70
2025-01-26T22:00,22.2,69
2025-01-26T23:00,21.6,68
2025-01-27T00:00,21.6,66
2025-01-27T01:00,24.1,56
2025-01-27T02:00,26.2,55
2025-01-27T03:00,28,54
2025-01-27T04:00,29.7,48
2025-01-27T05:00,31.1,43
2025-01-27T06:00,31.9,42
2025-01-27T07:00,32.3,41
2025-01-27T08:00,32.6,38
2025-01-27T09:00,32.3,38
2025-01-27T10:00,31.7,39
2025-01-27T11:00,28.7,55
2025-01-27T12:00,26.4,68
2025-01-27T13:00,26.3,72
2025-01-27T14:00,25.7,74
2025-01-27T15:00,25.2,74
2025-01-27T16:00,24.9,74
2025-01-27T17:00,24.6,74
2025-01-27T18:00,24.3,77
2025-01-27T19:00,23.8,77
2025-01-27T20:00,23.2,81
2025-01-27T21:00,22.4,84
2025-01-27T22:00,21.8,83
2025-01-27T23:00,21.3,80
2025-01-28T00:00,21.4,73
2025-01-28T01:00,23.6,62
2025-01-28T02:00,25.9,56
2025-01-28T03:00,27.9,54
2025-01-28T04:00,29.5,50
2025-01-28T05:00,30.9,44
2025-01-28T06:00,32.1,39
2025-01-28T07:00,32.8,34
2025-01-28T08:00,32.8,33
2025-01-28T09:00,32.5,33
2025-01-28T10:00,30.9,37
2025-01-28T11:00,28.4,50
2025-01-28T12:00,26.3,64
2025-01-28T13:00,25.5,69
2025-01-28T14:00,24.7,72
2025-01-28T15:00,24.3,74
2025-01-28T16:00,24.2,73
2025-01-28T17:00,23.8,74
2025-01-28T18:00,23.4,77
2025-01-28T19:00,22.5,82
2025-01-28T20:00,21.4,73
2025-01-28T21:00,20.7,65
2025-01-28T22:00,20.1,66
2025-01-28T23:00,19.5,68
2025-01-29T00:00,19.7,68
2025-01-29T01:00,21.8,62
2025-01-29T02:00,24.1,55
2025-01-29T03:00,26.3,50
2025-01-29T04:00,28.3,43
2025-01-29T05:00,30.1,36
2025-01-29T06:00,31.1,32
2025-01-29T07:00,31.8,29
2025-01-29T08:00,31.8,30
2025-01-29T09:00,31.4,32
2025-01-29T10:00,30.4,36
2025-01-29T11:00,27.8,49
2025-01-29T12:00,25.6,62
2025-01-29T13:00,24.9,72
2025-01-29T14:00,24.6,73
2025-01-29T15:00,24.2,75
2025-01-29T16:00,23.7,78
2025-01-29T17:00,23.3,81
2025-01-29T18:00,22.9,82
2025-01-29T19:00,22.2,86
2025-01-29T20:00,21.5,89
2025-01-29T21:00,20.9,91
2025-01-29T22:00,20.6,91
2025-01-29T23:00,20.3,86
2025-01-30T00:00,20.5,77
2025-01-30T01:00,22.5,64
2025-01-30T02:00,25.2,55
2025-01-30T03:00,27.3,51
2025-01-30T04:00,28.9,46
2025-01-30T05:00,30,42
2025-01-30T06:00,30.5,41
2025-01-30T07:00,30.6,40
2025-01-30T08:00,30.4,40
2025-01-30T09:00,30.4,39
2025-01-30T10:00,29.4,42
2025-01-30T11:00,28.1,47
2025-01-30T12:00,27.1,53
2025-01-30T13:00,27.2,48
2025-01-30T14:00,25.9,54
2025-01-30T15:00,24.7,64
2025-01-30T16:00,23.6,81
2025-01-30T17:00,23.2,84
2025-01-30T18:00,23,84
2025-01-30T19:00,22.6,86
2025-01-30T20:00,22,89
2025-01-30T21:00,21.3,93
2025-01-30T22:00,20.8,95
2025-01-30T23:00,20.4,97
2025-01-31T00:00,20.7,94
2025-01-31T01:00,23.2,81
2025-01-31T02:00,26.1,65
2025-01-31T03:00,28.5,53
2025-01-31T04:00,30.5,43
2025-01-31T05:00,31.9,38
2025-01-31T06:00,32.7,36
2025-01-31T07:00,32.8,36
2025-01-31T08:00,32.5,36
2025-01-31T09:00,32.2,36
2025-01-31T10:00,31.2,38
2025-01-31T11:00,30.4,40
2025-01-31T12:00,29.9,41
2025-01-31T13:00,29.7,43
2025-01-31T14:00,28.2,45
2025-01-31T15:00,26.1,59
2025-01-31T16:00,25.2,74
2025-01-31T17:00,24.5,83
2025-01-31T18:00,24.1,84
2025-01-31T19:00,23.7,86
2025-01-31T20:00,23.3,88
2025-01-31T21:00,23.1,90
2025-01-31T22:00,22.7,92
2025-01-31T23:00,22.3,94
2025-02-01T00:00,22.6,93
2025-02-01T01:00,24.8,82
2025-02-01T02:00,27,68
2025-02-01T03:00,29.2,55
2025-02-01T04:00,31,46
2025-02-01T05:00,32.4,41
2025-02-01T06:00,33.4,38
2025-02-01T07:00,33.7,37
2025-02-01T08:00,33.7,36
2025-02-01T09:00,33.2,37
2025-02-01T10:00,32.6,38
2025-02-01T11:00,31.4,40
2025-02-01T12:00,28.5,61
2025-02-01T13:00,25.8,81
2025-02-01T14:00,25.3,80
2025-02-01T15:00,25,76
2025-02-01T16:00,24.5,76
2025-02-01T17:00,24.1,77
2025-02-01T18:00,23.7,80
2025-02-01T19:00,23.3,82
2025-02-01T20:00,22.9,84
2025-02-01T21:00,22.7,86
2025-02-01T22:00,22.5,87
2025-02-01T23:00,22,90
2025-02-02T00:00,22.4,89
2025-02-02T01:00,24.8,79
2025-02-02T02:00,27.1,62
2025-02-02T03:00,29.3,49
2025-02-02T04:00,31.2,40
2025-02-02T05:00,32.8,34
2025-02-02T06:00,33.9,32
2025-02-02T07:00,34.6,31
2025-02-02T08:00,34.5,31
2025-02-02T09:00,34.2,32
2025-02-02T10:00,33.4,34
2025-02-02T11:00,30.8,45
2025-02-02T12:00,28.4,63
2025-02-02T13:00,26.4,74
2025-02-02T14:00,25.9,75
2025-02-02T15:00,25.5,77
2025-02-02T16:00,25,80
2025-02-02T17:00,24.7,81
2025-02-02T18:00,24.5,83
2025-02-02T19:00,24.3,83
2025-02-02T20:00,24.1,84
2025-02-02T21:00,23.8,87
2025-02-02T22:00,23.5,89
2025-02-02T23:00,23.2,92
2025-02-03T00:00,23.6,91
2025-02-03T01:00,25.6,79
2025-02-03T02:00,27.6,67
2025-02-03T03:00,29.4,58
2025-02-03T04:00,31.2,50
2025-02-03T05:00,33.1,43
2025-02-03T06:00,34.2,38
2025-02-03T07:00,34.6,37
2025-02-03T08:00,34.6,37
2025-02-03T09:00,34.2,37
2025-02-03T10:00,33.3,39
2025-02-03T11:00,29.4,55
2025-02-03T12:00,27.6,66
2025-02-03T13:00,27.4,68
2025-02-03T14:00,26.7,68
2025-02-03T15:00,26.4,66
2025-02-03T16:00,26.1,66
2025-02-03T17:00,25.8,67
2025-02-03T18:00,25.7,69
2025-02-03T19:00,25.5,73
2025-02-03T20:00,25,72
2025-02-03T21:00,24.6,62
2025-02-03T22:00,24.1,58
2025-02-03T23:00,23.8,65
2025-02-04T00:00,24.1,56
2025-02-04T01:00,25.8,56
2025-02-04T02:00,27.6,54
2025-02-04T03:00,29.4,50
2025-02-04T04:00,31.2,44
2025-02-04T05:00,32.6,40
2025-02-04T06:00,33.7,37
2025-02-04T07:00,34.2,35
2025-02-04T08:00,34.3,34
2025-02-04T09:00,33.8,35
2025-02-04T10:00,32.4,41
2025-02-04T11:00,30.8,46
2025-02-04T12:00,28.4,59
2025-02-04T13:00,26.9,70
2025-02-04T14:00,26.1,73
2025-02-04T15:00,25.8,72
2025-02-04T16:00,25.7,71
2025-02-04T17:00,25.3,73
2025-02-04T18:00,24.7,69
2025-02-04T19:00,24.2,63
2025-02-04T20:00,23.8,62
2025-02-04T21:00,23.2,64
2025-02-04T22:00,22.6,66
2025-02-04T23:00,21.9,69
2025-02-05T00:00,22.1,69
2025-02-05T01:00,24.3,61
2025-02-05T02:00,26.6,53
2025-02-05T03:00,28.7,47
2025-02-05T04:00,30.6,42
2025-02-05T05:00,32.3,36
2025-02-05T06:00,33.4,32
2025-02-05T07:00,34,31
2025-02-05T08:00,34,30
2025-02-05T09:00,33.8,31
2025-02-05T10:00,32.6,34
2025-02-05T11:00,27.4,64
2025-02-05T12:00,26.9,64
2025-02-05T13:00,26.3,64
2025-02-05T14:00,25.3,75
2025-02-05T15:00,24.6,80
2025-02-05T16:00,24,84
2025-02-05T17:00,23.7,85
2025-02-05T18:00,23.4,86
2025-02-05T19:00,23.2,86
2025-02-05T20:00,22.9,88
2025-02-05T21:00,22.5,90
2025-02-05T22:00,22.2,92
2025-02-05T23:00,21.7,95
2025-02-06T00:00,22,93
2025-02-06T01:00,23.9,82
2025-02-06T02:00,26.1,69
2025-02-06T03:00,28.6,56
2025-02-06T04:00,30.2,48
2025-02-06T05:00,31.7,42
2025-02-06T06:00,32.7,37
2025-02-06T07:00,33.1,36
2025-02-06T08:00,33.2,35
2025-02-06T09:00,33,35
2025-02-06T10:00,32.5,36
2025-02-06T11:00,30,44
2025-02-06T12:00,26.1,68
2025-02-06T13:00,26.3,69
2025-02-06T14:00,25.5,71
2025-02-06T15:00,24.8,73
2025-02-06T16:00,24.2,76
2025-02-06T17:00,23.8,78
2025-02-06T18:00,23.5,80
2025-02-06T19:00,23.2,81
2025-02-06T20:00,23,82
2025-02-06T21:00,22.6,83
2025-02-06T22:00,22.1,85
2025-02-06T23:00,21.6,88
2025-02-07T00:00,22.1,85
2025-02-07T01:00,24.7,74
2025-02-07T02:00,27.1,62
2025-02-07T03:00,29.3,53
2025-02-07T04:00,31,46
2025-02-07T05:00,32.3,41
2025-02-07T06:00,33.2,35
2025-02-07T07:00,33.7,30
2025-02-07T08:00,33.7,28
2025-02-07T09:00,33.3,29
2025-02-07T10:00,33,28
2025-02-07T11:00,31.5,30
2025-02-07T12:00,28.2,57
2025-02-07T13:00,27,67
2025-02-07T14:00,25.9,73
2025-02-07T15:00,25.6,77
2025-02-07T16:00,25.3,79
2025-02-07T17:00,25.1,79
2025-02-07T18:00,25.1,78
2025-02-07T19:00,24.5,81
2025-02-07T20:00,24.1,81
2025-02-07T21:00,23.6,78
2025-02-07T22:00,23.3,73
2025-02-07T23:00,22.9,68
2025-02-08T00:00,22.9,64
2025-02-08T01:00,24.8,58
2025-02-08T02:00,27.2,50
2025-02-08T03:00,29.4,45
2025-02-08T04:00,31.4,39
2025-02-08T05:00,32.9,34
2025-02-08T06:00,34.1,31
2025-02-08T07:00,34.5,30
2025-02-08T08:00,34.7,31
2025-02-08T09:00,34.3,29
2025-02-08T10:00,33,33
2025-02-08T11:00,30.9,40
2025-02-08T12:00,28.1,59
2025-02-08T13:00,26.4,73
2025-02-08T14:00,26.2,71
2025-02-08T15:00,26,70
2025-02-08T16:00,25.9,71
2025-02-08T17:00,25.3,72
2025-02-08T18:00,24.5,55
2025-02-08T19:00,23.6,56
2025-02-08T20:00,22.8,58
2025-02-08T21:00,22.3,60
2025-02-08T22:00,21.9,62
2025-02-08T23:00,21.5,64
2025-02-09T00:00,21.8,63
2025-02-09T01:00,24.2,57
2025-02-09T02:00,26.5,51
2025-02-09T03:00,28.5,47
2025-02-09T04:00,30,44
2025-02-09T05:00,31.3,40
2025-02-09T06:00,32.2,37
2025-02-09T07:00,32.8,35
2025-02-09T08:00,33,35
2025-02-09T09:00,32.7,36
2025-02-09T10:00,32.1,38
2025-02-09T11:00,30.6,44
2025-02-09T12:00,28.4,59
2025-02-09T13:00,26.7,68
2025-02-09T14:00,25.7,71
2025-02-09T15:00,25.5,71
2025-02-09T16:00,25.4,71
2025-02-09T17:00,25.1,73
2025-02-09T18:00,24.6,76
2025-02-09T19:00,24.2,69
2025-02-09T20:00,23.8,62
2025-02-09T21:00,23.3,60
2025-02-09T22:00,23,61
2025-02-09T23:00,22.7,62
2025-02-10T00:00,22.8,62
2025-02-10T01:00,24.8,57
2025-02-10T02:00,27.1,51
2025-02-10T03:00,29.1,45
2025-02-10T04:00,30.9,40
2025-02-10T05:00,32.4,37
2025-02-10T06:00,33.4,34
2025-02-10T07:00,32.5,36
2025-02-10T08:00,32,37
2025-02-10T09:00,31.6,39
2025-02-10T10:00,31.2,42
2025-02-10T11:00,30.3,46
2025-02-10T12:00,29.3,50
2025-02-10T13:00,27.8,65
2025-02-10T14:00,26.2,75
2025-02-10T15:00,26.2,73
2025-02-10T16:00,26.3,71
2025-02-10T17:00,26.2,71
2025-02-10T18:00,25.8,72
2025-02-10T19:00,25.5,74
2025-02-10T20:00,25.2,77
2025-02-10T21:00,25,78
2025-02-10T22:00,24.6,80
2025-02-10T23:00,24.3,81
2025-02-11T00:00,24.5,80
2025-02-11T01:00,25.7,74
2025-02-11T02:00,27.8,64
2025-02-11T03:00,30,54
2025-02-11T04:00,31.8,46
2025-02-11T05:00,33.9,38
2025-02-11T06:00,34.4,37
2025-02-11T07:00,33.8,40
2025-02-11T08:00,33,44
2025-02-11T09:00,32.6,46
2025-02-11T10:00,31.2,53
2025-02-11T11:00,28.9,64
2025-02-11T12:00,25.2,89
2025-02-11T13:00,26.1,83
2025-02-11T14:00,26,86
2025-02-11T15:00,25.7,85
2025-02-11T16:00,25.4,87
2025-02-11T17:00,25.1,87
2025-02-11T18:00,24.5,92
2025-02-11T19:00,24.4,92
2025-02-11T20:00,23.9,94
2025-02-11T21:00,23.8,95
2025-02-11T22:00,23.8,96
2025-02-11T23:00,23.4,98
2025-02-12T00:00,24,94
2025-02-12T01:00,26.1,87
2025-02-12T02:00,28,77
2025-02-12T03:00,29.5,67
2025-02-12T04:00,30.5,61
2025-02-12T05:00,31.7,56
2025-02-12T06:00,32.2,53
2025-02-12T07:00,32.2,53
2025-02-12T08:00,32.6,52
2025-02-12T09:00,32.4,53
2025-02-12T10:00,31.6,55
2025-02-12T11:00,30.1,64
2025-02-12T12:00,28.2,79
2025-02-12T13:00,27.6,85
2025-02-12T14:00,26.9,85
2025-02-12T15:00,26,85
2025-02-12T16:00,24.8,92
2025-02-12T17:00,24.6,95
2025-02-12T18:00,24.5,95
2025-02-12T19:00,24.3,96
2025-02-12T20:00,24.2,94
2025-02-12T21:00,24,95
2025-02-12T22:00,24,95
2025-02-12T23:00,24,95
2025-02-13T00:00,24.1,94
2025-02-13T01:00,24.9,90
2025-02-13T02:00,26.1,84
2025-02-13T03:00,27,81
2025-02-13T04:00,27.8,78
2025-02-13T05:00,28.6,75
2025-02-13T06:00,29.6,71
2025-02-13T07:00,30.7,67
2025-02-13T08:00,31,65
2025-02-13T09:00,30.4,66
2025-02-13T10:00,28.3,77
2025-02-13T11:00,27.5,82
2025-02-13T12:00,27.2,85
2025-02-13T13:00,26.5,89
2025-02-13T14:00,26.2,91
2025-02-13T15:00,25.9,94
2025-02-13T16:00,25.7,95
2025-02-13T17:00,25.4,94
2025-02-13T18:00,24.5,93
2025-02-13T19:00,24.5,94
2025-02-13T20:00,24.4,94
2025-02-13T21:00,23.8,97
2025-02-13T22:00,23.6,98
2025-02-13T23:00,23.6,98
2025-02-14T00:00,23.8,95
2025-02-14T01:00,25.8,86
2025-02-14T02:00,26.9,81
2025-02-14T03:00,28.4,76
2025-02-14T04:00,29.5,70
2025-02-14T05:00,29.9,67
2025-02-14T06:00,31,63
2025-02-14T07:00,31.6,60
2025-02-14T08:00,31.5,60
2025-02-14T09:00,31.5,61
2025-02-14T10:00,30.4,65
2025-02-14T11:00,28,80
2025-02-14T12:00,27.3,85
2025-02-14T13:00,26.5,89
2025-02-14T14:00,26.2,93
2025-02-14T15:00,25.8,94
2025-02-14T16:00,24.4,95
2025-02-14T17:00,24,94
2025-02-14T18:00,23.9,93
2025-02-14T19:00,23.9,94
2025-02-14T20:00,23.6,96
2025-02-14T21:00,23.4,98
2025-02-14T22:00,23.4,96
2025-02-14T23:00,23.2,97
2025-02-15T00:00,23.8,95
2025-02-15T01:00,26.1,83
2025-02-15T02:00,27.9,76
2025-02-15T03:00,29,70
2025-02-15T04:00,30.4,64
2025-02-15T05:00,31.3,59
2025-02-15T06:00,31.8,57
2025-02-15T07:00,31.4,59
2025-02-15T08:00,30.6,62
2025-02-15T09:00,29.7,66
2025-02-15T10:00,28.3,74
2025-02-15T11:00,27.3,79
2025-02-15T12:00,26.2,84
2025-02-15T13:00,26.3,85
2025-02-15T14:00,25.9,87
2025-02-15T15:00,25.6,86
2025-02-15T16:00,25.2,87
2025-02-15T17:00,25,89
2025-02-15T18:00,24.8,89
2025-02-15T19:00,24.6,90
2025-02-15T20:00,24.2,92
2025-02-15T21:00,24,92
2025-02-15T22:00,23.9,91
2025-02-15T23:00,23.6,92
2025-02-16T00:00,24.2,91
2025-02-16T01:00,26.4,78
2025-02-16T02:00,27.2,74
2025-02-16T03:00,28.8,69
2025-02-16T04:00,30.4,64
2025-02-16T05:00,31.4,60
2025-02-16T06:00,32.1,58
2025-02-16T07:00,32.6,55
2025-02-16T08:00,32.5,55
2025-02-16T09:00,32,52
2025-02-16T10:00,30.5,60
2025-02-16T11:00,28.7,68
2025-02-16T12:00,27.4,71
2025-02-16T13:00,26.9,75
2025-02-16T14:00,26.1,78
2025-02-16T15:00,25.7,80
2025-02-16T16:00,25.3,81
2025-02-16T17:00,25.1,81
2025-02-16T18:00,24.9,81
2025-02-16T19:00,24.4,84
2025-02-16T20:00,24.1,86
2025-02-16T21:00,23.7,89
2025-02-16T22:00,23.3,92
2025-02-16T23:00,23.1,93
2025-02-17T00:00,23.8,91
2025-02-17T01:00,26.1,73
2025-02-17T02:00,27.9,66
2025-02-17T03:00,29.4,61
2025-02-17T04:00,30.8,56
2025-02-17T05:00,31.9,51
2025-02-17T06:00,32.7,47
2025-02-17T07:00,33,45
2025-02-17T08:00,32.7,46
2025-02-17T09:00,32.7,45
2025-02-17T10:00,31.9,47
2025-02-17T11:00,29,64
2025-02-17T12:00,27.4,71
2025-02-17T13:00,27.2,75
2025-02-17T14:00,26.3,78
2025-02-17T15:00,25.9,79
2025-02-17T16:00,25.6,79
2025-02-17T17:00,25.3,79
2025-02-17T18:00,25,80
2025-02-17T19:00,24.7,81
2025-02-17T20:00,24.3,86
2025-02-17T21:00,24.1,86
2025-02-17T22:00,23.8,87
2025-02-17T23:00,23.4,90
2025-02-18T00:00,24,85
2025-02-18T01:00,26.1,77
2025-02-18T02:00,28.2,69
2025-02-18T03:00,30.1,60
2025-02-18T04:00,31.8,51
2025-02-18T05:00,32.9,46
2025-02-18T06:00,33.7,42
2025-02-18T07:00,33.9,40
2025-02-18T08:00,33.9,40
2025-02-18T09:00,29.9,57
2025-02-18T10:00,30,57
2025-02-18T11:00,28.7,66
2025-02-18T12:00,28.2,70
2025-02-18T13:00,26.1,79
2025-02-18T14:00,26.1,79
2025-02-18T15:00,26,82
2025-02-18T16:00,25.9,82
2025-02-18T17:00,25.4,85
2025-02-18T18:00,24.9,88
2025-02-18T19:00,24.6,91
2025-02-18T20:00,24.3,92
2025-02-18T21:00,24,94
2025-02-18T22:00,23.6,96
2025-02-18T23:00,23.3,98
2025-02-19T00:00,23.8,95
2025-02-19T01:00,26.4,76
2025-02-19T02:00,28,67
2025-02-19T03:00,29.5,62
2025-02-19T04:00,31.2,56
2025-02-19T05:00,32.6,52
2025-02-19T06:00,33.6,48
2025-02-19T07:00,32.3,50
2025-02-19T08:00,26.1,87
2025-02-19T09:00,28.5,76
2025-02-19T10:00,29.2,67
2025-02-19T11:00,27.5,76
2025-02-19T12:00,25.8,86
2025-02-19T13:00,27.3,78
2025-02-19T14:00,26.8,82
2025-02-19T15:00,26.5,85
2025-02-19T16:00,26.2,87
2025-02-19T17:00,25.7,91
2025-02-19T18:00,25.3,93
2025-02-19T19:00,25,93
2025-02-19T20:00,24.5,96
2025-02-19T21:00,24.2,99
2025-02-19T22:00,24,100
2025-02-19T23:00,23.7,99
2025-02-20T00:00,24,94
2025-02-20T01:00,25.9,83
2025-02-20T02:00,27.7,71
2025-02-20T03:00,29.6,61
2025-02-20T04:00,31.3,53
2025-02-20T05:00,32.8,47
2025-02-20T06:00,33.8,43
2025-02-20T07:00,34.2,41
2025-02-20T08:00,34.1,41
2025-02-20T09:00,33.3,44
2025-02-20T10:00,30.6,59
2025-02-20T11:00,28.9,65
2025-02-20T12:00,28.3,65
2025-02-20T13:00,28.3,68
2025-02-20T14:00,27.8,72
2025-02-20T15:00,27.2,75
2025-02-20T16:00,26.7,75
2025-02-20T17:00,26.3,75
2025-02-20T18:00,26,77
2025-02-20T19:00,25.8,78
2025-02-20T20:00,25.5,79
2025-02-20T21:00,25.3,80
2025-02-20T22:00,24.9,82
2025-02-20T23:00,24.7,87
2025-02-21T00:00,25.2,80
2025-02-21T01:00,27.2,70
2025-02-21T02:00,29,59
2025-02-21T03:00,30.6,52
2025-02-21T04:00,32.4,47
2025-02-21T05:00,33.2,45
2025-02-21T06:00,33.8,43
2025-02-21T07:00,33.4,46
2025-02-21T08:00,32.9,49
2025-02-21T09:00,29.2,69
2025-02-21T10:00,28.7,70
2025-02-21T11:00,27.5,77
2025-02-21T12:00,26,83
2025-02-21T13:00,25.8,89
2025-02-21T14:00,25.8,91
2025-02-21T15:00,25.7,92
2025-02-21T16:00,25.5,93
2025-02-21T17:00,25.2,94
2025-02-21T18:00,24.7,98
2025-02-21T19:00,24.4,97
2025-02-21T20:00,24.1,97
2025-02-21T21:00,23.9,98
2025-02-21T22:00,23.9,98
2025-02-21T23:00,23.8,97
2025-02-22T00:00,24,92
2025-02-22T01:00,25.9,81
2025-02-22T02:00,27.4,73
2025-02-22T03:00,29,69
2025-02-22T04:00,29.8,65
2025-02-22T05:00,30.9,60
2025-02-22T06:00,31.5,58
2025-02-22T07:00,31.8,57
2025-02-22T08:00,31.7,57
2025-02-22T09:00,30.7,60
2025-02-22T10:00,26.4,79
2025-02-22T11:00,25.3,86
2025-02-22T12:00,25.3,88
2025-02-22T13:00,27.5,82
2025-02-22T14:00,27.2,83
2025-02-22T15:00,27,81
2025-02-22T16:00,26.7,81
2025-02-22T17:00,26.4,82
2025-02-22T18:00,26,85
2025-02-22T19:00,25.5,89
2025-02-22T20:00,25.1,92
2025-02-22T21:00,24.8,95
2025-02-22T22:00,24.5,97
2025-02-22T23:00,24.4,97
2025-02-23T00:00,24.8,95
2025-02-23T01:00,27.5,72
2025-02-23T02:00,28.7,66
2025-02-23T03:00,30.2,59
2025-02-23T04:00,31.1,55
2025-02-23T05:00,31.5,55
2025-02-23T06:00,28.8,66
2025-02-23T07:00,29.2,66
2025-02-23T08:00,30,65
2025-02-23T09:00,30.5,58
2025-02-23T10:00,28.5,69
2025-02-23T11:00,28.1,76
2025-02-23T12:00,27.8,75
2025-02-23T13:00,25.4,93
2025-02-23T14:00,26,88
2025-02-23T15:00,26,90
2025-02-23T16:00,25.9,91
2025-02-23T17:00,25.7,92
2025-02-23T18:00,25.5,92
2025-02-23T19:00,25.2,93
2025-02-23T20:00,25,93
2025-02-23T21:00,24.8,95
2025-02-23T22:00,24.5,97
2025-02-23T23:00,24.3,97
2025-02-24T00:00,24.6,96
2025-02-24T01:00,26.9,87
2025-02-24T02:00,27.9,76
2025-02-24T03:00,29.4,66
2025-02-24T04:00,29.6,64
2025-02-24T05:00,31.6,56
2025-02-24T06:00,32.3,53
2025-02-24T07:00,32.7,50
2025-02-24T08:00,32.1,49
2025-02-24T09:00,32.1,48
2025-02-24T10:00,31.1,53
2025-02-24T11:00,29.2,67
2025-02-24T12:00,27.6,77
2025-02-24T13:00,27.6,75
2025-02-24T14:00,26.2,82
2025-02-24T15:00,25.8,85
2025-02-24T16:00,25.5,89
2025-02-24T17:00,25.2,91
2025-02-24T18:00,24.9,91
2025-02-24T19:00,24.3,94
2025-02-24T20:00,23.9,96
2025-02-24T21:00,23.6,95
2025-02-24T22:00,23.2,94
2025-02-24T23:00,22.8,92
2025-02-25T00:00,23.3,89
2025-02-25T01:00,26.2,75
2025-02-25T02:00,27.9,66
2025-02-25T03:00,29.8,58
2025-02-25T04:00,30.9,53
2025-02-25T05:00,31.8,49
2025-02-25T06:00,32,48
2025-02-25T07:00,31.6,49
2025-02-25T08:00,31.9,49
2025-02-25T09:00,32.2,48
2025-02-25T10:00,31.8,49
2025-02-25T11:00,30.2,57
2025-02-25T12:00,28.7,67
2025-02-25T13:00,28.8,72
2025-02-25T14:00,28.3,74
2025-02-25T15:00,27.4,80
2025-02-25T16:00,26.6,83
2025-02-25T17:00,26.3,82
2025-02-25T18:00,25.9,82
2025-02-25T19:00,25.5,85
2025-02-25T20:00,25.3,83
2025-02-25T21:00,25.1,81
2025-02-25T22:00,24.7,87
2025-02-25T23:00,24.3,93
2025-02-26T00:00,24.7,91
2025-02-26T01:00,26.8,72
2025-02-26T02:00,28.8,62
2025-02-26T03:00,30.8,55
2025-02-26T04:00,32.4,47
2025-02-26T05:00,33.4,42
2025-02-26T06:00,34,41
2025-02-26T07:00,33.9,42
2025-02-26T08:00,34.1,42
2025-02-26T09:00,31.4,50
2025-02-26T10:00,30.5,57
2025-02-26T11:00,29.6,61
2025-02-26T12:00,28.9,65
2025-02-26T13:00,26.8,75
2025-02-26T14:00,26.9,75
2025-02-26T15:00,26.4,81
2025-02-26T16:00,26,83
2025-02-26T17:00,25.8,84
2025-02-26T18:00,25.7,85
2025-02-26T19:00,25.5,86
2025-02-26T20:00,25.2,89
2025-02-26T21:00,24.8,92
2025-02-26T22:00,24.5,94
2025-02-26T23:00,24.1,95
2025-02-27T00:00,24.6,89
2025-02-27T01:00,27,72
2025-02-27T02:00,28.9,63
2025-02-27T03:00,30.3,55
2025-02-27T04:00,31.5,48
2025-02-27T05:00,32.7,45
2025-02-27T06:00,33.9,44
2025-02-27T07:00,34.8,41
2025-02-27T08:00,35.2,39
2025-02-27T09:00,34.3,42
2025-02-27T10:00,32.4,48
2025-02-27T11:00,29.6,56
2025-02-27T12:00,28.7,59
2025-02-27T13:00,27.6,64
2025-02-27T14:00,27.1,67
2025-02-27T15:00,26.7,69
2025-02-27T16:00,26.4,69
2025-02-27T17:00,26.1,70
2025-02-27T18:00,25.7,71
2025-02-27T19:00,25.4,72
2025-02-27T20:00,25.1,72
2025-02-27T21:00,24.8,75
2025-02-27T22:00,24.4,78
2025-02-27T23:00,24.1,81
2025-02-28T00:00,24.6,79
2025-02-28T01:00,27.1,66
2025-02-28T02:00,29.3,56
2025-02-28T03:00,31.5,47
2025-02-28T04:00,33,45
2025-02-28T05:00,34.5,42
2025-02-28T06:00,34.9,41
2025-02-28T07:00,35.4,37
2025-02-28T08:00,35.9,36
2025-02-28T09:00,35.5,35
2025-02-28T10:00,31.6,49
2025-02-28T11:00,30,52
2025-02-28T12:00,28.5,57
2025-02-28T13:00,27.6,64
2025-02-28T14:00,26.7,69
2025-02-28T15:00,26,75
2025-02-28T16:00,25.5,78
2025-02-28T17:00,25.4,78
2025-02-28T18:00,25.1,79
2025-02-28T19:00,24.8,81
2025-02-28T20:00,24.6,83
2025-02-28T21:00,24.3,84
2025-02-28T22:00,24.1,85
2025-02-28T23:00,24,85
2025-03-01T00:00,24.6,81
2025-03-01T01:00,26.9,68
2025-03-01T02:00,28.8,60
2025-03-01T03:00,30.6,55
2025-03-01T04:00,33.4,45
2025-03-01T05:00,34.6,40
2025-03-01T06:00,35.6,36
2025-03-01T07:00,36.3,33
2025-03-01T08:00,34.8,37
2025-03-01T09:00,31.1,53
2025-03-01T10:00,30.6,54
2025-03-01T11:00,28,63
2025-03-01T12:00,26.9,70
2025-03-01T13:00,26.8,71
2025-03-01T14:00,26,77
2025-03-01T15:00,25.8,77
2025-03-01T16:00,25.5,78
2025-03-01T17:00,25.2,79
2025-03-01T18:00,24.9,80
2025-03-01T19:00,24.7,81
2025-03-01T20:00,24.5,81
2025-03-01T21:00,24.4,82
2025-03-01T22:00,24.3,82
2025-03-01T23:00,24.2,81
2025-03-02T00:00,24.9,77
2025-03-02T01:00,27.1,64
2025-03-02T02:00,29,55
2025-03-02T03:00,30.5,51
2025-03-02T04:00,32.1,45
2025-03-02T05:00,33.5,40
2025-03-02T06:00,34,38
2025-03-02T07:00,34.9,35
2025-03-02T08:00,34.9,35
2025-03-02T09:00,34.7,34
2025-03-02T10:00,30.7,51
2025-03-02T11:00,29.1,53
2025-03-02T12:00,27.7,63
2025-03-02T13:00,27.1,69
2025-03-02T14:00,26.3,73
2025-03-02T15:00,25.9,76
2025-03-02T16:00,25.4,80
2025-03-02T17:00,25.2,81
2025-03-02T18:00,25,82
2025-03-02T19:00,24.8,83
2025-03-02T20:00,24.7,83
2025-03-02T21:00,24.6,83
2025-03-02T22:00,24.4,83
2025-03-02T23:00,24.2,84
2025-03-03T00:00,24.9,81
2025-03-03T01:00,27.2,73
2025-03-03T02:00,29.8,57
2025-03-03T03:00,31.8,48
2025-03-03T04:00,33.3,43
2025-03-03T05:00,34.6,39
2025-03-03T06:00,35.4,36
2025-03-03T07:00,35.6,35
2025-03-03T08:00,35.3,36
2025-03-03T09:00,34.4,38
2025-03-03T10:00,32.7,44
2025-03-03T11:00,29.9,55
2025-03-03T12:00,28.3,66
2025-03-03T13:00,27.4,75
2025-03-03T14:00,26.9,79
2025-03-03T15:00,26.4,81
2025-03-03T16:00,26,84
2025-03-03T17:00,25.6,87
2025-03-03T18:00,25.2,90
2025-03-03T19:00,25,92
2025-03-03T20:00,24.8,93
2025-03-03T21:00,24.7,94
2025-03-03T22:00,24.5,95
2025-03-03T23:00,24.3,96
2025-03-04T00:00,25.1,91
2025-03-04T01:00,27.4,79
2025-03-04T02:00,29.2,67
2025-03-04T03:00,31.1,56
2025-03-04T04:00,32.8,48
2025-03-04T05:00,34.3,42
2025-03-04T06:00,35.1,41
2025-03-04T07:00,35.4,41
2025-03-04T08:00,35.1,42
2025-03-04T09:00,34.3,45
2025-03-04T10:00,33,48
2025-03-04T11:00,30.6,56
2025-03-04T12:00,28.8,64
2025-03-04T13:00,28,75
2025-03-04T14:00,27.4,80
2025-03-04T15:00,26.8,84
2025-03-04T16:00,26.4,87
2025-03-04T17:00,26,90
2025-03-04T18:00,25.8,92
2025-03-04T19:00,25.6,92
2025-03-04T20:00,25.5,93
2025-03-04T21:00,25.4,92
2025-03-04T22:00,25.2,93
2025-03-04T23:00,25.1,93
2025-03-05T00:00,25.6,89
2025-03-05T01:00,27.7,78
2025-03-05T02:00,29.5,68
2025-03-05T03:00,31.5,57
2025-03-05T04:00,33.2,49
2025-03-05T05:00,34.6,44
2025-03-05T06:00,35.7,40
2025-03-05T07:00,35.7,39
2025-03-05T08:00,36,39
2025-03-05T09:00,34.9,43
2025-03-05T10:00,31.7,58
2025-03-05T11:00,29.9,64
2025-03-05T12:00,28.5,68
2025-03-05T13:00,27.7,76
2025-03-05T14:00,27.2,81
2025-03-05T15:00,26.8,84
2025-03-05T16:00,26.5,86
2025-03-05T17:00,26.2,89
2025-03-05T18:00,26,90
2025-03-05T19:00,25.9,90
2025-03-05T20:00,25.8,90
2025-03-05T21:00,25.7,90
2025-03-05T22:00,25.7,89
2025-03-05T23:00,25.5,90
2025-03-06T00:00,26,87
2025-03-06T01:00,28,77
2025-03-06T02:00,30,64
2025-03-06T03:00,31.7,55
2025-03-06T04:00,33.2,49
2025-03-06T05:00,34.2,45
2025-03-06T06:00,34.8,43
2025-03-06T07:00,34.9,42
2025-03-06T08:00,33.7,46
2025-03-06T09:00,32.5,51
2025-03-06T10:00,31.2,55
2025-03-06T11:00,29.6,62
2025-03-06T12:00,28.8,67
2025-03-06T13:00,28,74
2025-03-06T14:00,27.3,78
2025-03-06T15:00,26.8,79
2025-03-06T16:00,26.5,80
2025-03-06T17:00,26.3,81
2025-03-06T18:00,26.1,82
2025-03-06T19:00,25.9,83
2025-03-06T20:00,25.8,84
2025-03-06T21:00,25.6,85
2025-03-06T22:00,25.3,86
2025-03-06T23:00,24.9,89
2025-03-07T00:00,25.8,84
2025-03-07T01:00,28,73
2025-03-07T02:00,30,64
2025-03-07T03:00,31.7,55
2025-03-07T04:00,33,50
2025-03-07T05:00,34.1,46
2025-03-07T06:00,35.1,43
2025-03-07T07:00,35.6,41
2025-03-07T08:00,34.1,45
2025-03-07T09:00,31.9,56
2025-03-07T10:00,30.9,59
2025-03-07T11:00,30.2,64
2025-03-07T12:00,29.6,66
2025-03-07T13:00,28.7,68
2025-03-07T14:00,28,71
2025-03-07T15:00,27.3,73
2025-03-07T16:00,27,76
2025-03-07T17:00,26.6,78
2025-03-07T18:00,26.4,81
2025-03-07T19:00,26.1,83
2025-03-07T20:00,25.2,89
2025-03-07T21:00,25,89
2025-03-07T22:00,24.7,89
2025-03-07T23:00,24.4,89
2025-03-08T00:00,24.9,86
2025-03-08T01:00,27.3,76
2025-03-08T02:00,29.4,66
2025-03-08T03:00,31.3,58
2025-03-08T04:00,32.8,52
2025-03-08T05:00,33.9,46
2025-03-08T06:00,34.5,43
2025-03-08T07:00,35.1,41
2025-03-08T08:00,35.1,40
2025-03-08T09:00,34.8,41
2025-03-08T10:00,32.4,50
2025-03-08T11:00,29.4,68
2025-03-08T12:00,29.2,68
2025-03-08T13:00,28.9,70
2025-03-08T14:00,28.5,72
2025-03-08T15:00,28.1,76
2025-03-08T16:00,27.9,77
2025-03-08T17:00,27.6,78
2025-03-08T18:00,27.1,80
2025-03-08T19:00,26.8,82
2025-03-08T20:00,26.5,84
2025-03-08T21:00,25.9,85
2025-03-08T22:00,25.3,84
2025-03-08T23:00,24.8,78
2025-03-09T00:00,25.5,71
2025-03-09T01:00,28,57
2025-03-09T02:00,30,52
2025-03-09T03:00,29.6,53
2025-03-09T04:00,30,53
2025-03-09T05:00,31.4,49
2025-03-09T06:00,31.8,48
2025-03-09T07:00,32.1,46
2025-03-09T08:00,32,47
2025-03-09T09:00,31.6,48
2025-03-09T10:00,31.2,50
2025-03-09T11:00,30.6,52
2025-03-09T12:00,29.3,59
2025-03-09T13:00,28.7,66
2025-03-09T14:00,28.4,68
2025-03-09T15:00,28.1,71
2025-03-09T16:00,27.5,75
2025-03-09T17:00,26.5,84
2025-03-09T18:00,26,92
2025-03-09T19:00,25.6,94
2025-03-09T20:00,25.5,93
2025-03-09T21:00,25.2,96
2025-03-09T22:00,24.9,97
2025-03-09T23:00,24.7,98
2025-03-10T00:00,25.3,92
2025-03-10T01:00,27.8,70
2025-03-10T02:00,30.3,58
2025-03-10T03:00,32.4,50
2025-03-10T04:00,33.8,47
2025-03-10T05:00,34.6,47
2025-03-10T06:00,35.1,45
2025-03-10T07:00,34.7,45
2025-03-10T08:00,34.7,44
2025-03-10T09:00,34.4,41
2025-03-10T10:00,32.8,47
2025-03-10T11:00,31.5,54
2025-03-10T12:00,30.4,58
2025-03-10T13:00,28.6,69
2025-03-10T14:00,28.4,70
2025-03-10T15:00,28.2,69
2025-03-10T16:00,27.9,70
2025-03-10T17:00,28,69
2025-03-10T18:00,27.7,71
2025-03-10T19:00,27.1,75
2025-03-10T20:00,26.3,82
2025-03-10T21:00,25.6,86
2025-03-10T22:00,25.5,85
2025-03-10T23:00,25.1,87
2025-03-11T00:00,25.7,82
2025-03-11T01:00,28.9,67
2025-03-11T02:00,31.3,55
2025-03-11T03:00,33.2,46
2025-03-11T04:00,34.4,44
2025-03-11T05:00,35.6,40
2025-03-11T06:00,36.3,36
2025-03-11T07:00,36.2,36
2025-03-11T08:00,35.4,38
2025-03-11T09:00,34.9,40
2025-03-11T10:00,33.9,43
2025-03-11T11:00,31.1,53
2025-03-11T12:00,30.4,54
2025-03-11T13:00,29.4,62
2025-03-11T14:00,28.8,64
2025-03-11T15:00,28.3,66
2025-03-11T16:00,28,65
2025-03-11T17:00,27.4,67
2025-03-11T18:00,26.9,70
2025-03-11T19:00,26.5,72
2025-03-11T20:00,26.2,74
2025-03-11T21:00,26,75
2025-03-11T22:00,25.8,76
2025-03-11T23:00,25.7,78
2025-03-12T00:00,26.6,74
2025-03-12T01:00,29.5,62
2025-03-12T02:00,31.6,52
2025-03-12T03:00,33.4,46
2025-03-12T04:00,34.9,41
2025-03-12T05:00,35.9,39
2025-03-12T06:00,36.6,37
2025-03-12T07:00,36.6,37
2025-03-12T08:00,33.3,47
2025-03-12T09:00,33.6,47
2025-03-12T10:00,32.3,52
2025-03-12T11:00,30.5,58
2025-03-12T12:00,29.3,64
2025-03-12T13:00,28.3,70
2025-03-12T14:00,27.6,75
2025-03-12T15:00,27.2,77
2025-03-12T16:00,27,76
2025-03-12T17:00,26.8,75
2025-03-12T18:00,26.6,74
2025-03-12T19:00,26.4,74
2025-03-12T20:00,26.2,75
2025-03-12T21:00,26,75
2025-03-12T22:00,25.9,76
2025-03-12T23:00,25.7,76
2025-03-13T00:00,26.7,71
2025-03-13T01:00,28.6,65
2025-03-13T02:00,30.5,57
2025-03-13T03:00,32.1,52
2025-03-13T04:00,33.8,45
2025-03-13T05:00,34.9,40
2025-03-13T06:00,35.7,37
2025-03-13T07:00,35.8,36
2025-03-13T08:00,35.4,37
2025-03-13T09:00,34.1,42
2025-03-13T10:00,32.1,50
2025-03-13T11:00,30.1,59
2025-03-13T12:00,28.9,65
2025-03-13T13:00,28.3,71
2025-03-13T14:00,27.5,74
2025-03-13T15:00,26.9,78
2025-03-13T16:00,26.5,81
2025-03-13T17:00,26.3,81
2025-03-13T18:00,26.1,81
2025-03-13T19:00,25.8,81
2025-03-13T20:00,25.6,82
2025-03-13T21:00,25.4,81
2025-03-13T22:00,25.3,81
2025-03-13T23:00,25.1,81
2025-03-14T00:00,26.1,75
2025-03-14T01:00,28.3,65
2025-03-14T02:00,30.3,55
2025-03-14T03:00,32.2,50
2025-03-14T04:00,34,43
2025-03-14T05:00,35.2,39
2025-03-14T06:00,36,36
2025-03-14T07:00,36.5,35
2025-03-14T08:00,36.5,34
2025-03-14T09:00,35.2,39
2025-03-14T10:00,32.7,47
2025-03-14T11:00,30.9,52
2025-03-14T12:00,29.4,60
2025-03-14T13:00,28.2,71
2025-03-14T14:00,27.2,76
2025-03-14T15:00,26.6,80
2025-03-14T16:00,26.1,84
2025-03-14T17:00,25.8,86
2025-03-14T18:00,25.6,87
2025-03-14T19:00,25.4,88
2025-03-14T20:00,25.3,89
2025-03-14T21:00,25.1,89
2025-03-14T22:00,24.9,90
2025-03-14T23:00,24.8,91
2025-03-15T00:00,25.8,86
2025-03-15T01:00,28.5,74
2025-03-15T02:00,30.5,63
2025-03-15T03:00,32.3,55
2025-03-15T04:00,33.7,48
2025-03-15T05:00,35.3,43
2025-03-15T06:00,36,41
2025-03-15T07:00,36.4,40
2025-03-15T08:00,36,41
2025-03-15T09:00,34.8,44
2025-03-15T10:00,32.2,56
2025-03-15T11:00,29.5,66
2025-03-15T12:00,28.7,69
2025-03-15T13:00,27.6,79
2025-03-15T14:00,27,84
2025-03-15T15:00,26.6,86
2025-03-15T16:00,26.4,87
2025-03-15T17:00,26.2,89
2025-03-15T18:00,26,90
2025-03-15T19:00,25.8,91
2025-03-15T20:00,25.7,91
2025-03-15T21:00,25.5,93
2025-03-15T22:00,25.4,93
2025-03-15T23:00,25.3,92
2025-03-16T00:00,26.2,86
2025-03-16T01:00,28.3,77
2025-03-16T02:00,30,66
2025-03-16T03:00,31.7,57
2025-03-16T04:00,33.1,50
2025-03-16T05:00,33.8,49
2025-03-16T06:00,34.6,46
2025-03-16T07:00,35.2,44
2025-03-16T08:00,33.4,48
2025-03-16T09:00,32.3,53
2025-03-16T10:00,30.7,58
2025-03-16T11:00,28.9,68
2025-03-16T12:00,28.1,73
2025-03-16T13:00,28.1,73
2025-03-16T14:00,27.6,76
2025-03-16T15:00,27.3,77
2025-03-16T16:00,27.1,78
2025-03-16T17:00,26.9,79
2025-03-16T18:00,26.6,79
2025-03-16T19:00,26.5,80
2025-03-16T20:00,25.9,82
2025-03-16T21:00,24.6,92
2025-03-16T22:00,23.9,96
2025-03-16T23:00,23.5,99
2025-03-17T00:00,24.4,92
2025-03-17T01:00,27.6,78
2025-03-17T02:00,29.5,66
2025-03-17T03:00,31.5,57
2025-03-17T04:00,33,50
2025-03-17T05:00,34.3,46
2025-03-17T06:00,35.1,44
2025-03-17T07:00,35.3,43
2025-03-17T08:00,35.5,42
2025-03-17T09:00,30.4,60
2025-03-17T10:00,30,62
2025-03-17T11:00,28.8,69
2025-03-17T12:00,28,74
2025-03-17T13:00,27.2,78
2025-03-17T14:00,26.9,79
2025-03-17T15:00,26.8,79
2025-03-17T16:00,26.5,82
2025-03-17T17:00,26.4,82
2025-03-17T18:00,26.1,85
2025-03-17T19:00,25.7,89
2025-03-17T20:00,25.4,91
2025-03-17T21:00,25,92
2025-03-17T22:00,24.7,93
2025-03-17T23:00,24.3,94
2025-03-18T00:00,25.1,89
2025-03-18T01:00,28.1,75
2025-03-18T02:00,30,63
2025-03-18T03:00,31.7,55
2025-03-18T04:00,33,49
2025-03-18T05:00,33.9,46
2025-03-18T06:00,34.4,44
2025-03-18T07:00,35,42
2025-03-18T08:00,35.2,41
2025-03-18T09:00,34.3,42
2025-03-18T10:00,31.9,50
2025-03-18T11:00,30,62
2025-03-18T12:00,29.6,65
2025-03-18T13:00,28.2,73
2025-03-18T14:00,28,77
2025-03-18T15:00,27.9,77
2025-03-18T16:00,27.8,77
2025-03-18T17:00,27.6,78
2025-03-18T18:00,27.2,80
2025-03-18T19:00,26.7,83
2025-03-18T20:00,26.2,82
2025-03-18T21:00,25.9,75
2025-03-18T22:00,25.6,71
2025-03-18T23:00,25.4,72
2025-03-19T00:00,26.1,72
2025-03-19T01:00,28.1,57
2025-03-19T02:00,30.1,47
2025-03-19T03:00,32.1,40
2025-03-19T04:00,33.8,36
2025-03-19T05:00,35.1,34
2025-03-19T06:00,35.8,33
2025-03-19T07:00,36.1,33
2025-03-19T08:00,35.8,33
2025-03-19T09:00,35.4,35
2025-03-19T10:00,34.7,37
2025-03-19T11:00,33.7,39
2025-03-19T12:00,32.2,41
2025-03-19T13:00,28.3,70
2025-03-19T14:00,27.7,72
2025-03-19T15:00,27.5,72
2025-03-19T16:00,27.5,72
2025-03-19T17:00,27.2,73
2025-03-19T18:00,26.5,70
2025-03-19T19:00,25.8,62
2025-03-19T20:00,25.1,61
2025-03-19T21:00,24.4,63
2025-03-19T22:00,23.8,65
2025-03-19T23:00,23.5,66
2025-03-20T00:00,24.2,62
2025-03-20T01:00,26,57
2025-03-20T02:00,28.2,52
2025-03-20T03:00,30.5,45
2025-03-20T04:00,32.3,40
2025-03-20T05:00,33.9,36
2025-03-20T06:00,34.9,34
2025-03-20T07:00,35.5,33
2025-03-20T08:00,35.6,32
2025-03-20T09:00,35.2,32
2025-03-20T10:00,34.4,32
2025-03-20T11:00,32.4,38
2025-03-20T12:00,28.9,61
2025-03-20T13:00,27.9,68
2025-03-20T14:00,27.7,69
2025-03-20T15:00,27.5,69
2025-03-20T16:00,27.1,69
2025-03-20T17:00,27,68
2025-03-20T18:00,26.5,71
2025-03-20T19:00,25.8,67
2025-03-20T20:00,25.2,63
2025-03-20T21:00,24.7,63
2025-03-20T22:00,24.3,65
2025-03-20T23:00,23.9,66
2025-03-21T00:00,24.3,64
2025-03-21T01:00,26.6,56
2025-03-21T02:00,29.3,48
2025-03-21T03:00,31.5,42
2025-03-21T04:00,33.4,37
2025-03-21T05:00,34.8,33
2025-03-21T06:00,35.8,30
2025-03-21T07:00,36.1,30
2025-03-21T08:00,36.1,31
2025-03-21T09:00,35.2,32
2025-03-21T10:00,34.1,36
2025-03-21T11:00,32.4,41
2025-03-21T12:00,28.6,65
2025-03-21T13:00,27.6,72
2025-03-21T14:00,27.8,67
2025-03-21T15:00,27.3,67
2025-03-21T16:00,26.8,71
2025-03-21T17:00,26.3,75
2025-03-21T18:00,25.9,76
2025-03-21T19:00,25.6,76
2025-03-21T20:00,25.2,78
2025-03-21T21:00,24.9,79
2025-03-21T22:00,24.6,82
2025-03-21T23:00,24.2,85
2025-03-22T00:00,25,79
2025-03-22T01:00,27.3,67
2025-03-22T02:00,29.7,56
2025-03-22T03:00,31.9,47
2025-03-22T04:00,33.8,40
2025-03-22T05:00,35.1,36
2025-03-22T06:00,35.9,33
2025-03-22T07:00,35.6,33
2025-03-22T08:00,35.9,33
2025-03-22T09:00,35.7,34
2025-03-22T10:00,35.2,35
2025-03-22T11:00,33.1,40
2025-03-22T12:00,29.4,63
2025-03-22T13:00,28.8,68
2025-03-22T14:00,27.7,70
2025-03-22T15:00,27.1,71
2025-03-22T16:00,26.8,70
2025-03-22T17:00,26.5,71
2025-03-22T18:00,26.1,72
2025-03-22T19:00,25.7,74
2025-03-22T20:00,25.2,76
2025-03-22T21:00,25.1,77
2025-03-22T22:00,25,77
2025-03-22T23:00,24.8,78
2025-03-23T00:00,25.6,75
2025-03-23T01:00,27.8,66
2025-03-23T02:00,29.7,59
2025-03-23T03:00,31.6,51
2025-03-23T04:00,33.5,43
2025-03-23T05:00,34.6,39
2025-03-23T06:00,34.9,37
2025-03-23T07:00,35.5,35
2025-03-23T08:00,35.3,34
2025-03-23T09:00,34.9,34
2025-03-23T10:00,32.1,48
2025-03-23T11:00,29.3,58
2025-03-23T12:00,29.1,59
2025-03-23T13:00,27.8,64
2025-03-23T14:00,26.4,76
2025-03-23T15:00,26,78
2025-03-23T16:00,25.7,78
2025-03-23T17:00,25.4,79
2025-03-23T18:00,25,81
2025-03-23T19:00,24.7,83
2025-03-23T20:00,24.4,85
2025-03-23T21:00,24.1,87
2025-03-23T22:00,24,88
2025-03-23T23:00,23.9,89
2025-03-24T00:00,24.8,84
2025-03-24T01:00,26.8,74
2025-03-24T02:00,28.9,63
2025-03-24T03:00,31.1,52
2025-03-24T04:00,33.6,42
2025-03-24T05:00,35.2,37
2025-03-24T06:00,36.1,34
2025-03-24T07:00,36.5,34
2025-03-24T08:00,36.1,34
2025-03-24T09:00,35.5,35
2025-03-24T10:00,29.8,59
2025-03-24T11:00,29.1,58
2025-03-24T12:00,26.9,64
2025-03-24T13:00,26.5,68
2025-03-24T14:00,26,72
2025-03-24T15:00,25.6,76
2025-03-24T16:00,25.2,78
2025-03-24T17:00,25.1,79
2025-03-24T18:00,25,79
2025-03-24T19:00,24.9,80
2025-03-24T20:00,24.7,81
2025-03-24T21:00,24.5,82
2025-03-24T22:00,24.6,81
2025-03-24T23:00,24.7,79
2025-03-25T00:00,25.1,75
2025-03-25T01:00,26.8,69
2025-03-25T02:00,27.6,63
2025-03-25T03:00,30.5,51
2025-03-25T04:00,32.4,46
2025-03-25T05:00,31.4,49
2025-03-25T06:00,31.9,47
2025-03-25T07:00,32,46
2025-03-25T08:00,32.9,43
2025-03-25T09:00,32,45
2025-03-25T10:00,29.3,55
2025-03-25T11:00,28.1,59
2025-03-25T12:00,26.7,66
2025-03-25T13:00,26.8,71
2025-03-25T14:00,26.3,75
2025-03-25T15:00,25.9,79
2025-03-25T16:00,25.5,80
2025-03-25T17:00,25.2,81
2025-03-25T18:00,24.9,82
2025-03-25T19:00,24.6,83
2025-03-25T20:00,24.3,85
2025-03-25T21:00,24.1,86
2025-03-25T22:00,23.9,85
2025-03-25T23:00,23.8,85
2025-03-26T00:00,24.8,79
2025-03-26T01:00,26.9,73
2025-03-26T02:00,28.9,62
2025-03-26T03:00,31.2,51
2025-03-26T04:00,31.9,50
2025-03-26T05:00,32.5,48
2025-03-26T06:00,32.9,47
2025-03-26T07:00,34.1,42
2025-03-26T08:00,33.6,43
2025-03-26T09:00,32.7,46
2025-03-26T10:00,31.5,50
2025-03-26T11:00,29.4,60
2025-03-26T12:00,27.8,66
2025-03-26T13:00,27.2,70
2025-03-26T14:00,26.5,73
2025-03-26T15:00,26,77
2025-03-26T16:00,25.4,81
2025-03-26T17:00,24.9,84
2025-03-26T18:00,24.5,87
2025-03-26T19:00,24.3,89
2025-03-26T20:00,24.2,90
2025-03-26T21:00,24.2,91
2025-03-26T22:00,24.2,91
2025-03-26T23:00,24.1,92
2025-03-27T00:00,25.2,87
2025-03-27T01:00,27.6,74
2025-03-27T02:00,29.7,61
2025-03-27T03:00,31.2,52
2025-03-27T04:00,32.8,45
2025-03-27T05:00,34.2,38
2025-03-27T06:00,35.1,35
2025-03-27T07:00,35.3,33
2025-03-27T08:00,34.8,33
2025-03-27T09:00,33.6,35
2025-03-27T10:00,31.8,39
2025-03-27T11:00,29.5,49
2025-03-27T12:00,27.8,62
2025-03-27T13:00,26.8,74
2025-03-27T14:00,26.2,80
2025-03-27T15:00,25.7,85
2025-03-27T16:00,25.5,87
2025-03-27T17:00,25.2,88
2025-03-27T18:00,24.9,89
2025-03-27T19:00,24.6,91
2025-03-27T20:00,24.4,93
2025-03-27T21:00,24.2,94
2025-03-27T22:00,23.9,95
2025-03-27T23:00,23.6,96
2025-03-28T00:00,24.8,89
2025-03-28T01:00,27.3,77
2025-03-28T02:00,29.8,63
2025-03-28T03:00,31.8,53
2025-03-28T04:00,33.1,47
2025-03-28T05:00,34.3,43
2025-03-28T06:00,34.8,41
2025-03-28T07:00,34.8,41
2025-03-28T08:00,34.7,40
2025-03-28T09:00,33.4,43
2025-03-28T10:00,31.6,47
2025-03-28T11:00,29.7,54
2025-03-28T12:00,28.3,63
2025-03-28T13:00,27.5,73
2025-03-28T14:00,27,78
2025-03-28T15:00,26.6,81
2025-03-28T16:00,26.3,83
2025-03-28T17:00,26,85
2025-03-28T18:00,25.8,86
2025-03-28T19:00,25.7,86
2025-03-28T20:00,25.6,87
2025-03-28T21:00,25.4,89
2025-03-28T22:00,25.4,89
2025-03-28T23:00,25.1,90
2025-03-29T00:00,26.3,83
2025-03-29T01:00,28.6,71
2025-03-29T02:00,30.5,61
2025-03-29T03:00,32.2,53
2025-03-29T04:00,32.8,50
2025-03-29T05:00,34,46
2025-03-29T06:00,34.7,44
2025-03-29T07:00,35.6,42
2025-03-29T08:00,34.3,47
2025-03-29T09:00,32.2,56
2025-03-29T10:00,30.6,61
2025-03-29T11:00,29.4,66
2025-03-29T12:00,28.6,71
2025-03-29T13:00,28.3,75
2025-03-29T14:00,27.9,78
2025-03-29T15:00,27.4,81
2025-03-29T16:00,27.1,83
2025-03-29T17:00,26.8,84
2025-03-29T18:00,26.6,85
2025-03-29T19:00,26.5,84
2025-03-29T20:00,26.4,83
2025-03-29T21:00,26.2,83
2025-03-29T22:00,26.1,83
2025-03-29T23:00,26,83
2025-03-30T00:00,27,77
2025-03-30T01:00,29.4,65
2025-03-30T02:00,31.4,55
2025-03-30T03:00,33.2,47
2025-03-30T04:00,34.4,42
2025-03-30T05:00,35.5,39
2025-03-30T06:00,35.7,39
2025-03-30T07:00,37,36
2025-03-30T08:00,32.5,53
2025-03-30T09:00,32.2,55
2025-03-30T10:00,31.2,57
2025-03-30T11:00,30.5,60
2025-03-30T12:00,29.6,64
2025-03-30T13:00,28.9,69
2025-03-30T14:00,28.1,75
2025-03-30T15:00,27.9,77
2025-03-30T16:00,27.5,80
2025-03-30T17:00,27.3,81
2025-03-30T18:00,27.1,83
2025-03-30T19:00,26.9,83
2025-03-30T20:00,26.8,84
2025-03-30T21:00,25.2,91
2025-03-30T22:00,25.1,89
2025-03-30T23:00,24.9,90
2025-03-31T00:00,26.1,83
2025-03-31T01:00,28.2,74
2025-03-31T02:00,29.1,65
2025-03-31T03:00,30.7,57
2025-03-31T04:00,32.3,51
2025-03-31T05:00,32.7,50
2025-03-31T06:00,33.6,47
2025-03-31T07:00,32.9,49
2025-03-31T08:00,32.1,54
2025-03-31T09:00,31.1,59
2025-03-31T10:00,31.1,58
2025-03-31T11:00,30,63
2025-03-31T12:00,28.4,76
2025-03-31T13:00,28.6,76
2025-03-31T14:00,28.1,78
2025-03-31T15:00,27.6,82
2025-03-31T16:00,27.3,83
2025-03-31T17:00,27.1,84
2025-03-31T18:00,26.9,86
2025-03-31T19:00,26.8,87
2025-03-31T20:00,26.4,90
2025-03-31T21:00,26.2,90
2025-03-31T22:00,25.9,92
2025-03-31T23:00,25.8,88
2025-04-01T00:00,26.2,89
2025-04-01T01:00,27.4,81
2025-04-01T02:00,29.1,73
2025-04-01T03:00,30.7,68
2025-04-01T04:00,32,61
2025-04-01T05:00,32.5,57
2025-04-01T06:00,28.7,76
2025-04-01T07:00,27.7,81
2025-04-01T08:00,27.5,81
2025-04-01T09:00,26.9,83
2025-04-01T10:00,26.3,87
2025-04-01T11:00,25.5,92
2025-04-01T12:00,24.9,95
2025-04-01T13:00,25.4,96
2025-04-01T14:00,25.3,97
2025-04-01T15:00,25.1,98
2025-04-01T16:00,25,99
2025-04-01T17:00,24.9,99
2025-04-01T18:00,24.8,99
2025-04-01T19:00,24.7,99
2025-04-01T20:00,24.3,99
2025-04-01T21:00,24.4,99
2025-04-01T22:00,24.4,99
2025-04-01T23:00,24.5,98
2025-04-02T00:00,25.3,94
2025-04-02T01:00,25.8,93
2025-04-02T02:00,27.5,81
2025-04-02T03:00,28.1,74
2025-04-02T04:00,27.9,75
2025-04-02T05:00,28.9,72
2025-04-02T06:00,29.2,71
2025-04-02T07:00,29.3,71
2025-04-02T08:00,28.5,77
2025-04-02T09:00,28,79
2025-04-02T10:00,27.7,80
2025-04-02T11:00,27,83
2025-04-02T12:00,26.5,85
2025-04-02T13:00,27.1,81
2025-04-02T14:00,26.6,81
2025-04-02T15:00,26.1,82
2025-04-02T16:00,25.9,82
2025-04-02T17:00,25.5,83
2025-04-02T18:00,25.1,85
2025-04-02T19:00,24.7,87
2025-04-02T20:00,24.4,88
2025-04-02T21:00,24,90
2025-04-02T22:00,23.8,91
2025-04-02T23:00,23.9,94
2025-04-03T00:00,24.7,87
2025-04-03T01:00,26.9,83
2025-04-03T02:00,28.4,74
2025-04-03T03:00,29.7,67
2025-04-03T04:00,30.7,62
2025-04-03T05:00,31.3,60
2025-04-03T06:00,32.1,57
2025-04-03T07:00,32.4,55
2025-04-03T08:00,32.9,52
2025-04-03T09:00,32.8,53
2025-04-03T10:00,30.8,62
2025-04-03T11:00,28.4,76
2025-04-03T12:00,27.5,78
2025-04-03T13:00,27.1,79
2025-04-03T14:00,26.3,81
2025-04-03T15:00,25.9,81
2025-04-03T16:00,25.7,80
2025-04-03T17:00,25.4,80
2025-04-03T18:00,24.8,82
2025-04-03T19:00,24.3,85
2025-04-03T20:00,24,86
2025-04-03T21:00,23.9,87
2025-04-03T22:00,23.4,90
2025-04-03T23:00,23.2,92
2025-04-04T00:00,24.6,86
2025-04-04T01:00,26.6,76
2025-04-04T02:00,28.4,68
2025-04-04T03:00,29.9,64
2025-04-04T04:00,31.3,60
2025-04-04T05:00,32.5,53
2025-04-04T06:00,32.9,51
2025-04-04T07:00,33.3,49
2025-04-04T08:00,33.5,49
2025-04-04T09:00,33.2,49
2025-04-04T10:00,31.4,58
2025-04-04T11:00,28.5,71
2025-04-04T12:00,27.1,78
2025-04-04T13:00,26.7,80
2025-04-04T14:00,26.1,83
2025-04-04T15:00,25.8,85
2025-04-04T16:00,25.5,86
2025-04-04T17:00,25.2,87
2025-04-04T18:00,24.9,88
2025-04-04T19:00,24.6,89
2025-04-04T20:00,24.2,91
2025-04-04T21:00,24,91
2025-04-04T22:00,23.9,91
2025-04-04T23:00,23.8,91
2025-04-05T00:00,25.1,87
2025-04-05T01:00,27.3,77
2025-04-05T02:00,29,70
2025-04-05T03:00,30.5,65
2025-04-05T04:00,31.8,60
2025-04-05T05:00,32.8,54
2025-04-05T06:00,33.3,51
2025-04-05T07:00,33.5,50
2025-04-05T08:00,33.6,49
2025-04-05T09:00,33.5,50
2025-04-05T10:00,31.6,57
2025-04-05T11:00,28.4,71
2025-04-05T12:00,27.1,78
2025-04-05T13:00,26.7,84
2025-04-05T14:00,26.2,87
2025-04-05T15:00,25.8,89
2025-04-05T16:00,25.5,91
2025-04-05T17:00,25.3,92
2025-04-05T18:00,25.1,93
2025-04-05T19:00,24.9,94
2025-04-05T20:00,24.8,94
2025-04-05T21:00,24.7,93
2025-04-05T22:00,24.6,93
2025-04-05T23:00,24.5,93
2025-04-06T00:00,25.7,87
2025-04-06T01:00,27.6,77
2025-04-06T02:00,29,69
2025-04-06T03:00,30.4,61
2025-04-06T04:00,31.9,55
2025-04-06T05:00,32.9,51
2025-04-06T06:00,33.5,48
2025-04-06T07:00,33.8,47
2025-04-06T08:00,33.6,49
2025-04-06T09:00,33.1,50
2025-04-06T10:00,31.4,56
2025-04-06T11:00,29.4,63
2025-04-06T12:00,28,69
2025-04-06T13:00,27.7,73
2025-04-06T14:00,26.9,77
2025-04-06T15:00,26.5,78
2025-04-06T16:00,26.3,80
2025-04-06T17:00,25.9,82
2025-04-06T18:00,25.7,84
2025-04-06T19:00,25.6,84
2025-04-06T20:00,25.4,84
2025-04-06T21:00,25.1,85
2025-04-06T22:00,24.7,87
2025-04-06T23:00,24.6,86
2025-04-07T00:00,25.8,80
2025-04-07T01:00,28,69
2025-04-07T02:00,30,60
2025-04-07T03:00,31.7,54
2025-04-07T04:00,33.4,47
2025-04-07T05:00,34.9,40
2025-04-07T06:00,35.7,35
2025-04-07T07:00,36.1,33
2025-04-07T08:00,35.9,34
2025-04-07T09:00,33.2,51
2025-04-07T10:00,32.2,53
2025-04-07T11:00,29.9,61
2025-04-07T12:00,28.5,66
2025-04-07T13:00,28.2,69
2025-04-07T14:00,27.2,75
2025-04-07T15:00,26.8,77
2025-04-07T16:00,26.6,77
2025-04-07T17:00,26.4,77
2025-04-07T18:00,26.1,80
2025-04-07T19:00,25.9,81
2025-04-07T20:00,25.7,82
2025-04-07T21:00,25.4,82
2025-04-07T22:00,25.2,83
2025-04-07T23:00,24.9,85
2025-04-08T00:00,26.3,77
2025-04-08T01:00,28.3,66
2025-04-08T02:00,29.9,59
2025-04-08T03:00,31.7,52
2025-04-08T04:00,33.2,45
2025-04-08T05:00,34.5,41
2025-04-08T06:00,34.8,40
2025-04-08T07:00,35,39
2025-04-08T08:00,35,37
2025-04-08T09:00,35.4,37
2025-04-08T10:00,33,47
2025-04-08T11:00,30.6,57
2025-04-08T12:00,29,65
2025-04-08T13:00,28.6,67
2025-04-08T14:00,27.9,72
2025-04-08T15:00,27.4,75
2025-04-08T16:00,27,78
2025-04-08T17:00,26.7,80
2025-04-08T18:00,26.4,81
2025-04-08T19:00,26.2,81
2025-04-08T20:00,26,82
2025-04-08T21:00,25.8,83
2025-04-08T22:00,25.6,84
2025-04-08T23:00,25.6,84
2025-04-09T00:00,26.8,78
2025-04-09T01:00,29,67
2025-04-09T02:00,30.9,57
2025-04-09T03:00,32.7,50
2025-04-09T04:00,34,44
2025-04-09T05:00,34.9,42
2025-04-09T06:00,35.7,40
2025-04-09T07:00,34.1,46
2025-04-09T08:00,32.8,53
2025-04-09T09:00,32.3,54
2025-04-09T10:00,30.5,64
2025-04-09T11:00,29.3,69
2025-04-09T12:00,28,77
2025-04-09T13:00,28.3,76
2025-04-09T14:00,27.9,79
2025-04-09T15:00,27.5,81
2025-04-09T16:00,27.1,83
2025-04-09T17:00,26.9,85
2025-04-09T18:00,26.7,86
2025-04-09T19:00,26.5,88
2025-04-09T20:00,26.2,89
2025-04-09T21:00,26,90
2025-04-09T22:00,25.8,91
2025-04-09T23:00,25.8,90
2025-04-10T00:00,26.8,85
2025-04-10T01:00,28.7,74
2025-04-10T02:00,30.7,65
2025-04-10T03:00,32.1,58
2025-04-10T04:00,33.9,50
2025-04-10T05:00,34.9,45
2025-04-10T06:00,35.7,41
2025-04-10T07:00,34.4,44
2025-04-10T08:00,31.2,60
2025-04-10T09:00,32.2,56
2025-04-10T10:00,31.9,57
2025-04-10T11:00,31.1,60
2025-04-10T12:00,30.1,65
2025-04-10T13:00,29.1,74
2025-04-10T14:00,28.2,80
2025-04-10T15:00,27.5,84
2025-04-10T16:00,27,86
2025-04-10T17:00,26.7,90
2025-04-10T18:00,26.4,92
2025-04-10T19:00,26.1,93
2025-04-10T20:00,26.2,88
2025-04-10T21:00,26.1,91
2025-04-10T22:00,25.8,91
2025-04-10T23:00,25.7,92
2025-04-11T00:00,26.3,89
2025-04-11T01:00,27.4,85
2025-04-11T02:00,29.1,74
2025-04-11T03:00,30.6,66
2025-04-11T04:00,32.1,59
2025-04-11T05:00,33.2,54
2025-04-11T06:00,34,50
2025-04-11T07:00,34.3,48
2025-04-11T08:00,33.4,51
2025-04-11T09:00,32.9,52
2025-04-11T10:00,31.6,55
2025-04-11T11:00,29.7,64
2025-04-11T12:00,28.3,74
2025-04-11T13:00,28,82
2025-04-11T14:00,27.6,85
2025-04-11T15:00,27.1,88
2025-04-11T16:00,26.8,90
2025-04-11T17:00,26.5,91
2025-04-11T18:00,26.2,92
2025-04-11T19:00,25.9,93
2025-04-11T20:00,25.6,94
2025-04-11T21:00,25.4,95
2025-04-11T22:00,25.3,96
2025-04-11T23:00,25.2,97
2025-04-12T00:00,26.6,90
2025-04-12T01:00,29.1,74
2025-04-12T02:00,31,62
2025-04-12T03:00,32.4,55
2025-04-12T04:00,33.7,52
2025-04-12T05:00,34.4,49
2025-04-12T06:00,34.9,48
2025-04-12T07:00,35.4,46
2025-04-12T08:00,35.1,46
2025-04-12T09:00,34.7,47
2025-04-12T10:00,33.5,50
2025-04-12T11:00,31.4,59
2025-04-12T12:00,29.2,69
2025-04-12T13:00,29.3,72
2025-04-12T14:00,28.8,77
2025-04-12T15:00,28.4,79
2025-04-12T16:00,28,82
2025-04-12T17:00,27.6,84
2025-04-12T18:00,27.2,87
2025-04-12T19:00,27,88
2025-04-12T20:00,26.8,89
2025-04-12T21:00,26.6,90
2025-04-12T22:00,26.5,91
2025-04-12T23:00,26.4,92
2025-04-13T00:00,27.7,84
2025-04-13T01:00,29.9,72
2025-04-13T02:00,31.6,59
2025-04-13T03:00,33.2,51
2025-04-13T04:00,34.7,46
2025-04-13T05:00,35.2,46
2025-04-13T06:00,35.8,44
2025-04-13T07:00,36.3,44
2025-04-13T08:00,32.1,59
2025-04-13T09:00,32.7,56
2025-04-13T10:00,32.4,56
2025-04-13T11:00,30.6,61
2025-04-13T12:00,29.2,72
2025-04-13T13:00,29,77
2025-04-13T14:00,28.5,79
2025-04-13T15:00,28,82
2025-04-13T16:00,27.7,83
2025-04-13T17:00,27.5,82
2025-04-13T18:00,27.4,78
2025-04-13T19:00,27.1,78
2025-04-13T20:00,26.8,79
2025-04-13T21:00,26.6,81
2025-04-13T22:00,26.4,83
2025-04-13T23:00,26.3,85
2025-04-14T00:00,27.3,80
2025-04-14T01:00,29.3,67
2025-04-14T02:00,31.1,58
2025-04-14T03:00,32.9,50
2025-04-14T04:00,34.3,46
2025-04-14T05:00,35.5,43
2025-04-14T06:00,36.3,41
2025-04-14T07:00,36.5,40
2025-04-14T08:00,36,41
2025-04-14T09:00,30.5,68
2025-04-14T10:00,29.6,71
2025-04-14T11:00,29.1,75
2025-04-14T12:00,29,74
2025-04-14T13:00,29.9,67
2025-04-14T14:00,29.2,68
2025-04-14T15:00,28.7,71
2025-04-14T16:00,28.5,71
2025-04-14T17:00,28.3,72
2025-04-14T18:00,28,72
2025-04-14T19:00,27.9,72
2025-04-14T20:00,27.5,74
2025-04-14T21:00,26.9,80
2025-04-14T22:00,26.5,85
2025-04-14T23:00,26.3,88
2025-04-15T00:00,27.4,81
2025-04-15T01:00,28.9,73
2025-04-15T02:00,31.1,62
2025-04-15T03:00,32.8,54
2025-04-15T04:00,34.1,49
2025-04-15T05:00,35.2,45
2025-04-15T06:00,35.5,43
2025-04-15T07:00,34.3,49
2025-04-15T08:00,32.6,56
2025-04-15T09:00,32.9,55
2025-04-15T10:00,32.9,53
2025-04-15T11:00,30.6,61
2025-04-15T12:00,30,64
2025-04-15T13:00,29.8,67
2025-04-15T14:00,29.4,68
2025-04-15T15:00,28.6,71
2025-04-15T16:00,27.8,75
2025-04-15T17:00,27.5,77
2025-04-15T18:00,27.2,78
2025-04-15T19:00,27.1,79
2025-04-15T20:00,27,79
2025-04-15T21:00,26.9,79
2025-04-15T22:00,26.7,80
2025-04-15T23:00,26.6,80
2025-04-16T00:00,27.7,74
2025-04-16T01:00,29.7,65
2025-04-16T02:00,31.6,55
2025-04-16T03:00,33.2,49
2025-04-16T04:00,34.6,44
2025-04-16T05:00,35.6,41
2025-04-16T06:00,35.1,42
2025-04-16T07:00,34,47
2025-04-16T08:00,33,52
2025-04-16T09:00,32.6,52
2025-04-16T10:00,30.9,60
2025-04-16T11:00,29.4,68
2025-04-16T12:00,28.5,74
2025-04-16T13:00,28.8,78
2025-04-16T14:00,28.5,80
2025-04-16T15:00,27.6,80
2025-04-16T16:00,27.5,82
2025-04-16T17:00,27.5,82
2025-04-16T18:00,27.4,84
2025-04-16T19:00,27,86
2025-04-16T20:00,26.9,86
2025-04-16T21:00,26.5,88
2025-04-16T22:00,26.4,88
2025-04-16T23:00,26.2,89
2025-04-17T00:00,27.1,83
2025-04-17T01:00,29.2,72
2025-04-17T02:00,31.2,61
2025-04-17T03:00,32.9,54
2025-04-17T04:00,34.4,48
2025-04-17T05:00,35.3,44
2025-04-17T06:00,36,41
2025-04-17T07:00,36.3,41
2025-04-17T08:00,34.4,47
2025-04-17T09:00,33.2,54
2025-04-17T10:00,32.1,58
2025-04-17T11:00,30.2,65
2025-04-17T12:00,29.2,71
2025-04-17T13:00,29.2,77
2025-04-17T14:00,28.5,84
2025-04-17T15:00,28.2,85
2025-04-17T16:00,27.8,86
2025-04-17T17:00,27.7,84
2025-04-17T18:00,25.8,90
2025-04-17T19:00,25.8,89
2025-04-17T20:00,25.5,91
2025-04-17T21:00,25.4,91
2025-04-17T22:00,25.4,92
2025-04-17T23:00,25.5,92
2025-04-18T00:00,26.8,85
2025-04-18T01:00,29.1,75
2025-04-18T02:00,30.8,66
2025-04-18T03:00,32.3,58
2025-04-18T04:00,33.8,51
2025-04-18T05:00,34.9,47
2025-04-18T06:00,35.6,44
2025-04-18T07:00,36,43
2025-04-18T08:00,35.9,43
2025-04-18T09:00,35.4,44
2025-04-18T10:00,34.3,47
2025-04-18T11:00,31.4,60
2025-04-18T12:00,29.7,69
2025-04-18T13:00,29.5,77
2025-04-18T14:00,29,80
2025-04-18T15:00,28.7,80
2025-04-18T16:00,28.4,81
2025-04-18T17:00,28,84
2025-04-18T18:00,27.5,86
2025-04-18T19:00,27.5,85
2025-04-18T20:00,27.2,87
2025-04-18T21:00,26.8,89
2025-04-18T22:00,26.6,90
2025-04-18T23:00,26.2,90
2025-04-19T00:00,27.1,83
2025-04-19T01:00,29.4,72
2025-04-19T02:00,31.3,63
2025-04-19T03:00,32.8,55
2025-04-19T04:00,34.2,49
2025-04-19T05:00,35.4,44
2025-04-19T06:00,35.9,42
2025-04-19T07:00,35.9,42
2025-04-19T08:00,35.3,44
2025-04-19T09:00,34.2,45
2025-04-19T10:00,32.8,46
2025-04-19T11:00,30.8,57
2025-04-19T12:00,29.1,70
2025-04-19T13:00,28.6,78
2025-04-19T14:00,28,84
2025-04-19T15:00,27.6,87
2025-04-19T16:00,27.4,88
2025-04-19T17:00,27.1,90
2025-04-19T18:00,26.9,90
2025-04-19T19:00,26.7,90
2025-04-19T20:00,26.5,91
2025-04-19T21:00,26.2,93
2025-04-19T22:00,26,94
2025-04-19T23:00,26,94
2025-04-20T00:00,27.4,84
2025-04-20T01:00,29.9,68
2025-04-20T02:00,31.8,57
2025-04-20T03:00,33.5,48
2025-04-20T04:00,35,41
2025-04-20T05:00,36.1,37
2025-04-20T06:00,36.7,36
2025-04-20T07:00,36.6,37
2025-04-20T08:00,35.9,39
2025-04-20T09:00,34.7,42
2025-04-20T10:00,33.1,47
2025-04-20T11:00,31.2,55
2025-04-20T12:00,29.7,65
2025-04-20T13:00,29,74
2025-04-20T14:00,28.5,79
2025-04-20T15:00,28,83
2025-04-20T16:00,27.7,85
2025-04-20T17:00,27.4,87
2025-04-20T18:00,27,90
2025-04-20T19:00,26.7,91
2025-04-20T20:00,26.5,92
2025-04-20T21:00,26.5,92
2025-04-20T22:00,26.4,92
2025-04-20T23:00,26.4,92
2025-04-21T00:00,27.8,83
2025-04-21T01:00,30.2,69
2025-04-21T02:00,31.9,60
2025-04-21T03:00,33.4,53
2025-04-21T04:00,33.9,50
2025-04-21T05:00,34.7,48
2025-04-21T06:00,35.7,45
2025-04-21T07:00,33.2,50
2025-04-21T08:00,33.5,53
2025-04-21T09:00,33.4,52
2025-04-21T10:00,31.8,58
2025-04-21T11:00,30.2,67
2025-04-21T12:00,29.2,73
2025-04-21T13:00,29.2,77
2025-04-21T14:00,28.6,81
2025-04-21T15:00,28.2,83
2025-04-21T16:00,27.9,85
2025-04-21T17:00,27.7,85
2025-04-21T18:00,27.4,86
2025-04-21T19:00,27.1,87
2025-04-21T20:00,26.9,88
2025-04-21T21:00,26.7,89
2025-04-21T22:00,26.6,90
2025-04-21T23:00,26.6,90
2025-04-22T00:00,28,81
2025-04-22T01:00,29.9,70
2025-04-22T02:00,31.5,62
2025-04-22T03:00,32.9,57
2025-04-22T04:00,33.1,53
2025-04-22T05:00,31.8,58
2025-04-22T06:00,31.6,61
2025-04-22T07:00,31.3,64
2025-04-22T08:00,31.8,62
2025-04-22T09:00,31,63
2025-04-22T10:00,30.1,67
2025-04-22T11:00,28.7,74
2025-04-22T12:00,28,78
2025-04-22T13:00,28.3,78
2025-04-22T14:00,27.9,82
2025-04-22T15:00,27.6,84
2025-04-22T16:00,27.3,87
2025-04-22T17:00,27,88
2025-04-22T18:00,26.6,91
2025-04-22T19:00,26.3,92
2025-04-22T20:00,26.1,94
2025-04-22T21:00,25.8,95
2025-04-22T22:00,25.7,96
2025-04-22T23:00,25.8,95
2025-04-23T00:00,27.2,87
2025-04-23T01:00,29.6,76
2025-04-23T02:00,31.2,66
2025-04-23T03:00,32.9,58
2025-04-23T04:00,34.1,52
2025-04-23T05:00,35.2,47
2025-04-23T06:00,35.8,43
2025-04-23T07:00,31.4,59
2025-04-23T08:00,32.1,57
2025-04-23T09:00,30.8,63
2025-04-23T10:00,30.2,66
2025-04-23T11:00,29.8,67
2025-04-23T12:00,28.6,74
2025-04-23T13:00,27.8,82
2025-04-23T14:00,27.6,84
2025-04-23T15:00,27.3,85
2025-04-23T16:00,27,89
2025-04-23T17:00,26.6,90
2025-04-23T18:00,26.3,93
2025-04-23T19:00,26,94
2025-04-23T20:00,25.7,96
2025-04-23T21:00,25.6,96
2025-04-23T22:00,25.3,97
2025-04-23T23:00,25.4,98
2025-04-24T00:00,27,88
2025-04-24T01:00,29.1,77
2025-04-24T02:00,30.5,69
2025-04-24T03:00,32,63
2025-04-24T04:00,33.1,58
2025-04-24T05:00,33.9,54
2025-04-24T06:00,34.9,51
2025-04-24T07:00,34.1,51
2025-04-24T08:00,30.5,71
2025-04-24T09:00,29.2,74
2025-04-24T10:00,29.1,72
2025-04-24T11:00,27.7,79
2025-04-24T12:00,27,84
2025-04-24T13:00,27,86
2025-04-24T14:00,26.8,89
2025-04-24T15:00,26.9,89
2025-04-24T16:00,26.8,90
2025-04-24T17:00,26.7,89
2025-04-24T18:00,26.5,89
2025-04-24T19:00,26.2,90
2025-04-24T20:00,25.9,93
2025-04-24T21:00,25.8,93
2025-04-24T22:00,25.6,94
2025-04-24T23:00,25.7,93
2025-04-25T00:00,27,88
2025-04-25T01:00,29.3,77
2025-04-25T02:00,30.7,69
2025-04-25T03:00,32.3,62
2025-04-25T04:00,33.4,56
2025-04-25T05:00,34,53
2025-04-25T06:00,34.7,50
2025-04-25T07:00,33.5,52
2025-04-25T08:00,32.9,56
2025-04-25T09:00,33.4,53
2025-04-25T10:00,31.3,60
2025-04-25T11:00,30.1,68
2025-04-25T12:00,29.4,75
2025-04-25T13:00,27.8,85
2025-04-25T14:00,27.2,86
2025-04-25T15:00,27.3,89
2025-04-25T16:00,27.2,92
2025-04-25T17:00,26.9,93
2025-04-25T18:00,26.5,94
2025-04-25T19:00,26.3,94
2025-04-25T20:00,26.1,95
2025-04-25T21:00,26.1,96
2025-04-25T22:00,26,96
2025-04-25T23:00,26.1,96
2025-04-26T00:00,27.1,90
2025-04-26T01:00,28.6,81
2025-04-26T02:00,30.5,72
2025-04-26T03:00,31.7,66
2025-04-26T04:00,32.8,59
2025-04-26T05:00,34,53
2025-04-26T06:00,34,51
2025-04-26T07:00,29.1,74
2025-04-26T08:00,31.1,67
2025-04-26T09:00,31.1,62
2025-04-26T10:00,30.2,68
2025-04-26T11:00,29.5,72
2025-04-26T12:00,26.2,87
2025-04-26T13:00,24.9,92
2025-04-26T14:00,24.9,93
2025-04-26T15:00,25.1,94
2025-04-26T16:00,25.2,95
2025-04-26T17:00,25.2,94
2025-04-26T18:00,25,95
2025-04-26T19:00,24.9,96
2025-04-26T20:00,24.6,98
2025-04-26T21:00,24.5,98
2025-04-26T22:00,24.5,98
2025-04-26T23:00,24.7,98
2025-04-27T00:00,26.1,91
2025-04-27T01:00,28.4,79
2025-04-27T02:00,29.9,71
2025-04-27T03:00,31.3,62
2025-04-27T04:00,32.5,56
2025-04-27T05:00,33.2,52
2025-04-27T06:00,33.7,50
2025-04-27T07:00,34,48
2025-04-27T08:00,33.8,48
2025-04-27T09:00,33.4,48
2025-04-27T10:00,32.7,50
2025-04-27T11:00,30.3,64
2025-04-27T12:00,28.9,72
2025-04-27T13:00,28.5,77
2025-04-27T14:00,27.9,81
2025-04-27T15:00,27.5,85
2025-04-27T16:00,27.1,87
2025-04-27T17:00,26.8,89
2025-04-27T18:00,26.6,91
2025-04-27T19:00,26.4,92
2025-04-27T20:00,26.2,93
2025-04-27T21:00,26,94
2025-04-27T22:00,25.9,95
2025-04-27T23:00,26,94
2025-04-28T00:00,27.5,87
2025-04-28T01:00,29.6,73
2025-04-28T02:00,31.3,62
2025-04-28T03:00,32.6,54
2025-04-28T04:00,33.7,48
2025-04-28T05:00,34.9,43
2025-04-28T06:00,35.7,39
2025-04-28T07:00,36.1,37
2025-04-28T08:00,36,37
2025-04-28T09:00,34.6,41
2025-04-28T10:00,32,56
2025-04-28T11:00,30.5,64
2025-04-28T12:00,29.5,70
2025-04-28T13:00,29.3,75
2025-04-28T14:00,28.7,80
2025-04-28T15:00,28.2,82
2025-04-28T16:00,27.9,84
2025-04-28T17:00,27.7,85
2025-04-28T18:00,27.3,87
2025-04-28T19:00,27.1,86
2025-04-28T20:00,26.6,89
2025-04-28T21:00,26.5,90
2025-04-28T22:00,26,92
2025-04-28T23:00,25.9,93
2025-04-29T00:00,27.6,83
2025-04-29T01:00,30.5,61
2025-04-29T02:00,32.3,50
2025-04-29T03:00,33.9,41
2025-04-29T04:00,34.8,38
2025-04-29T05:00,35.1,38
2025-04-29T06:00,36.4,34
2025-04-29T07:00,36.6,32
2025-04-29T08:00,36.5,33
2025-04-29T09:00,35.8,35
2025-04-29T10:00,33.9,43
2025-04-29T11:00,30.6,64
2025-04-29T12:00,30,67
2025-04-29T13:00,29.5,63
2025-04-29T14:00,28.9,69
2025-04-29T15:00,28.5,71
2025-04-29T16:00,28.1,74
2025-04-29T17:00,27.9,74
2025-04-29T18:00,27.8,73
2025-04-29T19:00,27.5,73
2025-04-29T20:00,27.2,75
2025-04-29T21:00,27,75
2025-04-29T22:00,26.7,75
2025-04-29T23:00,26.6,75
2025-04-30T00:00,28,67
2025-04-30T01:00,29.5,60
2025-04-30T02:00,31.3,53
2025-04-30T03:00,33.1,48
2025-04-30T04:00,34.3,43
2025-04-30T05:00,35.4,40
2025-04-30T06:00,36.4,37
2025-04-30T07:00,36.7,36
2025-04-30T08:00,36.6,34
2025-04-30T09:00,36.5,33
2025-04-30T10:00,35.5,34
2025-04-30T11:00,32,54
2025-04-30T12:00,30.9,57
2025-04-30T13:00,30.9,60
2025-04-30T14:00,30.2,65
2025-04-30T15:00,29.5,70
2025-04-30T16:00,29.2,72
2025-04-30T17:00,28.9,73
2025-04-30T18:00,28.6,74
2025-04-30T19:00,28.3,74
2025-04-30T20:00,28.2,74
2025-04-30T21:00,28,76
2025-04-30T22:00,27.8,78
2025-04-30T23:00,27.8,78
2025-05-01T00:00,29.1,72
2025-05-01T01:00,31,57
2025-05-01T02:00,32.6,49
2025-05-01T03:00,34.4,43
2025-05-01T04:00,36,39
2025-05-01T05:00,34.6,43
2025-05-01T06:00,31.3,60
2025-05-01T07:00,32.4,56
2025-05-01T08:00,30.5,66
2025-05-01T09:00,31.2,63
2025-05-01T10:00,30.8,64
2025-05-01T11:00,30,68
2025-05-01T12:00,29.4,74
2025-05-01T13:00,29.9,72
2025-05-01T14:00,29.4,73
2025-05-01T15:00,28.7,77
2025-05-01T16:00,28.4,76
2025-05-01T17:00,28.1,75
2025-05-01T18:00,27.8,75
2025-05-01T19:00,27.6,76
2025-05-01T20:00,27.5,76
2025-05-01T21:00,27.2,77
2025-05-01T22:00,27.3,79
2025-05-01T23:00,27.3,80
2025-05-02T00:00,28.6,74
2025-05-02T01:00,30.8,63
2025-05-02T02:00,32.3,55
2025-05-02T03:00,33.2,53
2025-05-02T04:00,34.9,47
2025-05-02T05:00,31.3,60
2025-05-02T06:00,34.3,50
2025-05-02T07:00,34.1,51
2025-05-02T08:00,33.2,52
2025-05-02T09:00,31.3,61
2025-05-02T10:00,31.1,60
2025-05-02T11:00,30,67
2025-05-02T12:00,29.2,72
2025-05-02T13:00,28.2,82
2025-05-02T14:00,27.7,84
2025-05-02T15:00,27.4,85
2025-05-02T16:00,27.1,86
2025-05-02T17:00,27,87
2025-05-02T18:00,26.7,88
2025-05-02T19:00,26.5,90
2025-05-02T20:00,26.2,91
2025-05-02T21:00,26,93
2025-05-02T22:00,25.9,93
2025-05-02T23:00,26,93
2025-05-03T00:00,26.3,85
2025-05-03T01:00,27.6,83
2025-05-03T02:00,29.2,75
2025-05-03T03:00,30,72
2025-05-03T04:00,30.3,68
2025-05-03T05:00,31.4,63
2025-05-03T06:00,31.8,62
2025-05-03T07:00,31.9,59
2025-05-03T08:00,31.8,60
2025-05-03T09:00,31,63
2025-05-03T10:00,26.5,85
2025-05-03T11:00,26.5,90
2025-05-03T12:00,26.8,91
2025-05-03T13:00,27.2,91
2025-05-03T14:00,27,92
2025-05-03T15:00,26.9,89
2025-05-03T16:00,26.6,92
2025-05-03T17:00,26.5,92
2025-05-03T18:00,26.2,93
2025-05-03T19:00,25.9,94
2025-05-03T20:00,25.6,94
2025-05-03T21:00,25.4,95
2025-05-03T22:00,25.2,95
2025-05-03T23:00,25.2,95
2025-05-04T00:00,26.5,90
2025-05-04T01:00,28.5,80
2025-05-04T02:00,29.9,72
2025-05-04T03:00,31.1,68
2025-05-04T04:00,32,65
2025-05-04T05:00,32.7,62
2025-05-04T06:00,33.2,59
2025-05-04T07:00,33.1,57
2025-05-04T08:00,32.4,57
2025-05-04T09:00,31.6,59
2025-05-04T10:00,30.6,64
2025-05-04T11:00,29.4,72
2025-05-04T12:00,28.6,77
2025-05-04T13:00,28.3,83
2025-05-04T14:00,27.8,86
2025-05-04T15:00,27.3,89
2025-05-04T16:00,26.9,91
2025-05-04T17:00,26.5,92
2025-05-04T18:00,26.2,94
2025-05-04T19:00,26.2,93
2025-05-04T20:00,25.9,95
2025-05-04T21:00,25.7,96
2025-05-04T22:00,25.6,96
2025-05-04T23:00,25.7,96
2025-05-05T00:00,27.2,88
2025-05-05T01:00,29.3,76
2025-05-05T02:00,30.6,69
2025-05-05T03:00,31.5,65
2025-05-05T04:00,32.2,61
2025-05-05T05:00,33.1,57
2025-05-05T06:00,33.4,55
2025-05-05T07:00,33.5,55
2025-05-05T08:00,32.4,57
2025-05-05T09:00,32.1,58
2025-05-05T10:00,29.7,68
2025-05-05T11:00,28.7,75
2025-05-05T12:00,28.3,80
2025-05-05T13:00,28.8,77
2025-05-05T14:00,28.3,80
2025-05-05T15:00,27.9,82
2025-05-05T16:00,27.4,85
2025-05-05T17:00,27,87
2025-05-05T18:00,26.7,89
2025-05-05T19:00,26.4,90
2025-05-05T20:00,26,92
2025-05-05T21:00,25.7,94
2025-05-05T22:00,25.6,94
2025-05-05T23:00,26,93
2025-05-06T00:00,27.6,85
2025-05-06T01:00,29.5,76
2025-05-06T02:00,31,68
2025-05-06T03:00,32.4,62
2025-05-06T04:00,33.7,56
2025-05-06T05:00,34.5,52
2025-05-06T06:00,32.8,57
2025-05-06T07:00,33.5,55
2025-05-06T08:00,33.8,55
2025-05-06T09:00,31.3,63
2025-05-06T10:00,31,66
2025-05-06T11:00,29.9,72
2025-05-06T12:00,29.3,76
2025-05-06T13:00,27.9,88
2025-05-06T14:00,28,84
2025-05-06T15:00,27.5,82
2025-05-06T16:00,27.3,83
2025-05-06T17:00,27,87
2025-05-06T18:00,26.9,89
2025-05-06T19:00,26.7,89
2025-05-06T20:00,26.4,92
2025-05-06T21:00,26.1,94
2025-05-06T22:00,25.8,95
2025-05-06T23:00,26,94
2025-05-07T00:00,27.5,87
2025-05-07T01:00,30.2,73
2025-05-07T02:00,31.8,61
2025-05-07T03:00,33,55
2025-05-07T04:00,34.1,52
2025-05-07T05:00,35.3,48
2025-05-07T06:00,35.3,47
2025-05-07T07:00,35.2,50
2025-05-07T08:00,31.9,62
2025-05-07T09:00,30.1,68
2025-05-07T10:00,31.4,64
2025-05-07T11:00,30.7,69
2025-05-07T12:00,29.9,74
2025-05-07T13:00,29,80
2025-05-07T14:00,28.8,80
2025-05-07T15:00,28.4,83
2025-05-07T16:00,28,85
2025-05-07T17:00,27.5,87
2025-05-07T18:00,27.1,89
2025-05-07T19:00,26.7,91
2025-05-07T20:00,26.4,92
2025-05-07T21:00,26.1,93
2025-05-07T22:00,26,93
2025-05-07T23:00,26.1,93
2025-05-08T00:00,27.7,85
2025-05-08T01:00,30.4,72
2025-05-08T02:00,32.5,58
2025-05-08T03:00,34,50
2025-05-08T04:00,35.2,45
2025-05-08T05:00,36.3,42
2025-05-08T06:00,36.9,40
2025-05-08T07:00,37.2,39
2025-05-08T08:00,37.3,38
2025-05-08T09:00,33.6,53
2025-05-08T10:00,32.7,57
2025-05-08T11:00,31.4,61
2025-05-08T12:00,30.4,66
2025-05-08T13:00,30,71
2025-05-08T14:00,29.7,72
2025-05-08T15:00,29.5,73
2025-05-08T16:00,29.1,76
2025-05-08T17:00,28.8,78
2025-05-08T18:00,28.4,79
2025-05-08T19:00,28,81
2025-05-08T20:00,27.7,82
2025-05-08T21:00,27.4,84
2025-05-08T22:00,27.3,85
2025-05-08T23:00,27.3,85
2025-05-09T00:00,28.9,78
2025-05-09T01:00,31.1,68
2025-05-09T02:00,32.8,59
2025-05-09T03:00,34.5,52
2025-05-09T04:00,36,47
2025-05-09T05:00,37.1,44
2025-05-09T06:00,37.1,43
2025-05-09T07:00,37.2,42
2025-05-09T08:00,31.4,65
2025-05-09T09:00,32.2,59
2025-05-09T10:00,32.1,61
2025-05-09T11:00,31.9,61
2025-05-09T12:00,31.2,63
2025-05-09T13:00,29.3,75
2025-05-09T14:00,29.2,75
2025-05-09T15:00,29.1,76
2025-05-09T16:00,28.8,80
2025-05-09T17:00,28.5,83
2025-05-09T18:00,28.3,85
2025-05-09T19:00,28.1,87
2025-05-09T20:00,27.9,89
2025-05-09T21:00,27.7,91
2025-05-09T22:00,27,92
2025-05-09T23:00,26,92
2025-05-10T00:00,26.8,88
2025-05-10T01:00,26.1,91
2025-05-10T02:00,26.1,91
2025-05-10T03:00,26.9,87
2025-05-10T04:00,27.9,83
2025-05-10T05:00,29.2,77
2025-05-10T06:00,29.5,74
2025-05-10T07:00,30.1,72
2025-05-10T08:00,30.1,72
2025-05-10T09:00,30.2,70
2025-05-10T10:00,29.7,74
2025-05-10T11:00,29.1,82
2025-05-10T12:00,28.7,84
2025-05-10T13:00,27.3,89
2025-05-10T14:00,27.1,91
2025-05-10T15:00,27,91
2025-05-10T16:00,26.8,94
2025-05-10T17:00,26.5,95
2025-05-10T18:00,25.9,95
2025-05-10T19:00,25.7,96
2025-05-10T20:00,25.5,97
2025-05-10T21:00,25.5,96
2025-05-10T22:00,25,99
2025-05-10T23:00,25.2,96
2025-05-11T00:00,25.7,92
2025-05-11T01:00,27.5,85
2025-05-11T02:00,28.8,79
2025-05-11T03:00,30.1,73
2025-05-11T04:00,30.9,68
2025-05-11T05:00,32.1,65
2025-05-11T06:00,32.4,66
2025-05-11T07:00,32.8,63
2025-05-11T08:00,32.1,64
2025-05-11T09:00,28.6,78
2025-05-11T10:00,27.7,83
2025-05-11T11:00,27.8,84
2025-05-11T12:00,27.2,89
2025-05-11T13:00,26.3,95
2025-05-11T14:00,25.6,95
2025-05-11T15:00,25.4,97
2025-05-11T16:00,25.5,96
2025-05-11T17:00,25.3,97
2025-05-11T18:00,25.2,96
2025-05-11T19:00,25.1,95
2025-05-11T20:00,25.1,96
2025-05-11T21:00,25.1,98
2025-05-11T22:00,25,99
2025-05-11T23:00,25.2,97
2025-05-12T00:00,25.7,93
2025-05-12T01:00,27.6,86
2025-05-12T02:00,29.5,77
2025-05-12T03:00,31,72
2025-05-12T04:00,31.7,68
2025-05-12T05:00,32.3,64
2025-05-12T06:00,32.1,63
2025-05-12T07:00,31.7,63
2025-05-12T08:00,29.9,76
2025-05-12T09:00,30,75
2025-05-12T10:00,28.8,79
2025-05-12T11:00,25.9,92
2025-05-12T12:00,25.1,94
2025-05-12T13:00,26.1,89
2025-05-12T14:00,26.1,91
2025-05-12T15:00,26.1,91
2025-05-12T16:00,25.9,92
2025-05-12T17:00,24.5,95
2025-05-12T18:00,24.8,93
2025-05-12T19:00,24.7,94
2025-05-12T20:00,24.6,97
2025-05-12T21:00,24.5,98
2025-05-12T22:00,24.4,98
2025-05-12T23:00,24.6,96
2025-05-13T00:00,25.2,93
2025-05-13T01:00,25.7,90
2025-05-13T02:00,27.8,81
2025-05-13T03:00,29.7,74
2025-05-13T04:00,30.9,69
2025-05-13T05:00,32.1,63
2025-05-13T06:00,32.7,61
2025-05-13T07:00,32.3,63
2025-05-13T08:00,30.6,71
2025-05-13T09:00,30.7,71
2025-05-13T10:00,29.4,77
2025-05-13T11:00,27,88
2025-05-13T12:00,27.4,88
2025-05-13T13:00,26.3,91
2025-05-13T14:00,26.2,92
2025-05-13T15:00,26,94
2025-05-13T16:00,26,95
2025-05-13T17:00,26,95
2025-05-13T18:00,25.8,96
2025-05-13T19:00,25.8,96
2025-05-13T20:00,25.8,96
2025-05-13T21:00,25.9,95
2025-05-13T22:00,25.8,96
2025-05-13T23:00,25.8,96
2025-05-14T00:00,26.8,92
2025-05-14T01:00,28.9,83
2025-05-14T02:00,30.2,74
2025-05-14T03:00,31.3,69
2025-05-14T04:00,32.1,65
2025-05-14T05:00,32.7,63
2025-05-14T06:00,33.3,62
2025-05-14T07:00,30.3,74
2025-05-14T08:00,30.4,72
2025-05-14T09:00,30.6,70
2025-05-14T10:00,29.8,75
2025-05-14T11:00,29.1,79
2025-05-14T12:00,28.6,81
2025-05-14T13:00,28.6,84
2025-05-14T14:00,28.3,86
2025-05-14T15:00,28,87
2025-05-14T16:00,27.7,88
2025-05-14T17:00,27.4,89
2025-05-14T18:00,26.7,93
2025-05-14T19:00,26.2,94
2025-05-14T20:00,25.9,94
2025-05-14T21:00,25.7,94
2025-05-14T22:00,25.5,94
2025-05-14T23:00,25.7,93
2025-05-15T00:00,26.9,89
2025-05-15T01:00,29,80
2025-05-15T02:00,30.2,75
2025-05-15T03:00,31,73
2025-05-15T04:00,31.7,69
2025-05-15T05:00,31.8,67
2025-05-15T06:00,32.2,65
2025-05-15T07:00,27.1,89
2025-05-15T08:00,28.3,83
2025-05-15T09:00,29.4,78
2025-05-15T10:00,27.5,81
2025-05-15T11:00,25.6,91
2025-05-15T12:00,25.6,92
2025-05-15T13:00,26.6,93
2025-05-15T14:00,26.5,94
2025-05-15T15:00,26.5,93
2025-05-15T16:00,26.4,93
2025-05-15T17:00,26.2,94
2025-05-15T18:00,26,95
2025-05-15T19:00,25.8,96
2025-05-15T20:00,25.7,96
2025-05-15T21:00,25.6,97
2025-05-15T22:00,25.4,98
2025-05-15T23:00,25.8,97
2025-05-16T00:00,27,90
2025-05-16T01:00,28.4,82
2025-05-16T02:00,29.5,78
2025-05-16T03:00,30.9,74
2025-05-16T04:00,31.8,69
2025-05-16T05:00,32.3,66
2025-05-16T06:00,33.2,62
2025-05-16T07:00,29.8,76
2025-05-16T08:00,31.1,69
2025-05-16T09:00,30.4,72
2025-05-16T10:00,29.6,76
2025-05-16T11:00,28.7,82
2025-05-16T12:00,28.3,84
2025-05-16T13:00,28.3,85
2025-05-16T14:00,28.2,85
2025-05-16T15:00,27.8,87
2025-05-16T16:00,27.4,89
2025-05-16T17:00,27.3,90
2025-05-16T18:00,27.1,90
2025-05-16T19:00,26.8,92
2025-05-16T20:00,26.4,93
2025-05-16T21:00,25.6,95
2025-05-16T22:00,25.3,95
2025-05-16T23:00,25.6,94
2025-05-17T00:00,25.2,95
2025-05-17T01:00,26.8,87
2025-05-17T02:00,28.8,78
2025-05-17T03:00,30.7,70
2025-05-17T04:00,32.1,65
2025-05-17T05:00,33,62
2025-05-17T06:00,33.5,60
2025-05-17T07:00,33.6,59
2025-05-17T08:00,33.3,60
2025-05-17T09:00,32.4,63
2025-05-17T10:00,31,69
2025-05-17T11:00,29.5,76
2025-05-17T12:00,28.2,83
2025-05-17T13:00,27.4,88
2025-05-17T14:00,27,91
2025-05-17T15:00,26.6,93
2025-05-17T16:00,26.2,95
2025-05-17T17:00,25.8,96
2025-05-17T18:00,25.5,97
2025-05-17T19:00,25.2,98
2025-05-17T20:00,24.9,99
2025-05-17T21:00,24.5,100
2025-05-17T22:00,24.1,101
2025-05-17T23:00,24.2,100
2025-05-18T00:00,25,95
2025-05-18T01:00,26.7,87
2025-05-18T02:00,28.7,78
2025-05-18T03:00,30.5,69
2025-05-18T04:00,31.9,64
2025-05-18T05:00,32.9,61
2025-05-18T06:00,33.4,59
2025-05-18T07:00,33.5,58
2025-05-18T08:00,33.2,59
2025-05-18T09:00,32.3,62
2025-05-18T10:00,30.9,68
2025-05-18T11:00,29.4,75
2025-05-18T12:00,28.2,82
2025-05-18T13:00,27.4,87
2025-05-18T14:00,27,90
2025-05-18T15:00,26.6,92
2025-05-18T16:00,26.2,93
2025-05-18T17:00,25.8,95
2025-05-18T18:00,25.5,96
2025-05-18T19:00,25.3,96
2025-05-18T20:00,25,97
2025-05-18T21:00,24.6,99
2025-05-18T22:00,24.2,100
2025-05-18T23:00,24.3,99
2025-05-19T00:00,25.1,94
2025-05-19T01:00,26.7,86
2025-05-19T02:00,28.8,77
2025-05-19T03:00,30.6,69
2025-05-19T04:00,32.0,63
2025-05-19T05:00,32.9,60
2025-05-19T06:00,33.5,59
2025-05-19T07:00,33.6,58
2025-05-19T08:00,33.3,58
2025-05-19T09:00,32.4,62
2025-05-19T10:00,31.0,67
2025-05-19T11:00,29.5,75
2025-05-19T12:00,28.3,81
2025-05-19T13:00,27.5,87
2025-05-19T14:00,27.0,90
2025-05-19T15:00,26.7,92
2025-05-19T16:00,26.2,93
2025-05-19T17:00,25.8,95
2025-05-19T18:00,25.5,96
2025-05-19T19:00,25.3,97
2025-05-19T20:00,25.0,98
2025-05-19T21:00,24.6,99
2025-05-19T22:00,24.2,100
2025-05-19T23:00,24.2,99
2025-05-20T00:00,25.1,95
2025-05-20T01:00,26.7,87
2025-05-20T02:00,28.7,77
2025-05-20T03:00,30.6,69
2025-05-20T04:00,32.0,64
2025-05-20T05:00,32.9,61
2025-05-20T06:00,33.4,59
2025-05-20T07:00,33.5,59
2025-05-20T08:00,33.2,59
2025-05-20T09:00,32.3,62
2025-05-20T10:00,30.9,68
2025-05-20T11:00,29.4,76
2025-05-20T12:00,28.2,82
2025-05-20T13:00,27.4,88
2025-05-20T14:00,26.9,91
2025-05-20T15:00,26.5,93
2025-05-20T16:00,26.1,95
2025-05-20T17:00,25.7,96
2025-05-20T18:00,25.4,97
2025-05-20T19:00,25.2,98
2025-05-20T20:00,24.9,99
2025-05-20T21:00,24.4,101
2025-05-20T22:00,24.0,102
2025-05-20T23:00,24.1,101
2025-05-21T00:00,25.0,96
2025-05-21T01:00,26.6,89
2025-05-21T02:00,28.6,79
2025-05-21T03:00,30.4,71
2025-05-21T04:00,31.8,66
2025-05-21T05:00,32.7,63
2025-05-21T06:00,33.2,61
2025-05-21T07:00,33.4,61
2025-05-21T08:00,33.1,61
2025-05-21T09:00,32.2,65
2025-05-21T10:00,30.8,70
2025-05-21T11:00,29.3,78
2025-05-21T12:00,28.0,85
2025-05-21T13:00,27.3,90
2025-05-21T14:00,26.8,93
2025-05-21T15:00,26.4,95
2025-05-21T16:00,26.0,97
2025-05-21T17:00,25.6,98
2025-05-21T18:00,25.3,99
2025-05-21T19:00,25.1,100
2025-05-21T20:00,24.8,100
